TAZ_ORIGINAL,AVGTTS,DIST,PCTDETOUR,TERMINALTIME
1,0,0,0,1
2,0,0,0,1
3,0,0,0,1
4,0,0,0,1
5,0,0,0,1
6,0,0,0,1
7,0,0,0,1
8,0,0,0,1
9,0,0,0,1
10,0,0,0,1
11,0,0,0,1
12,0,0,0,1
13,0,0,0,1
14,0,0,0,1
15,0,0,0,1
16,0,0,0,1
17,0,0,0,1
18,0,0,0,1
19,0,0,0,1
20,0,0,0,1
21,0,0,0,1
22,0,0,0,1
23,0,0,0,1
24,0,0,0,1
25,0,0,0,1
26,0,0,0,1
27,0,0,0,1
28,0,0,0,1
29,0,0,0,1
30,0,0,0,1
31,0,0,0,1
32,0,0,0,1
33,0,0,0,1
34,0,0,0,1
35,0,0,0,1
36,0,0,0,1
37,0,0,0,1
38,0,0,0,1
39,0,0,0,1
40,0,0,0,1
41,0,0,0,1
42,0,0,0,1
43,0,0,0,1
44,0,0,0,1
45,0,0,0,1
46,0,0,0,1
47,0,0,0,1
48,0,0,0,1
49,0,0,0,1
50,0,0,0,1
51,0,0,0,1
52,0,0,0,1
53,0,0,0,1
54,0,0,0,1
55,0,0,0,1
56,0,0,0,1
57,0,0,0,1
58,0,0,0,1
59,0,0,0,1
60,0,0,0,1
61,0,0,0,1
62,0,0,0,1
63,0,0,0,1
64,0,0,0,1
65,0,0,0,1
66,0,0,0,1
67,0,0,0,1
68,0,0,0,1
69,0,0,0,1
70,0,0,0,1
71,0,0,0,1
72,0,0,0,1
73,0,0,0,1
74,0,0,0,1
75,0,0,0,1
76,0,0,0,1
77,0,0,0,1
78,0,0,0,1
79,0,0,0,1
81,0,0,0,1
82,0,0,0,1
83,0,0,0,1
84,0,0,0,1
85,0,0,0,1
86,0,0,0,1
87,0,0,0,1
88,0,0,0,1
89,0,0,0,1
90,0,0,0,1
91,0,0,0,1
92,0,0,0,1
93,0,0,0,1
94,0,0,0,1
95,0,0,0,1
96,0,0,0,1
97,0,0,0,1
98,0,0,0,1
99,0,0,0,1
100,0,0,0,1
101,0,0,0,1
102,0,0,0,1
103,0,0,0,1
104,0,0,0,1
105,0,0,0,1
106,0,0,0,1
107,0,0,0,1
108,0,0,0,1
109,0,0,0,1
110,0,0,0,1
111,0,0,0,1
112,0,0,0,1
114,0,0,0,1
115,0,0,0,1
116,0,0,0,1
117,0,0,0,1
118,0,0,0,1
119,0,0,0,1
120,0,0,0,1
121,0,0,0,1
122,0,0,0,1
123,0,0,0,1
124,0,0,0,1
125,0,0,0,1
126,0,0,0,1
127,0,0,0,1
128,0,0,0,1
129,0,0,0,1
130,0,0,0,1
131,0,0,0,1
132,0,0,0,1
133,0,0,0,1
134,0,0,0,1
135,0,0,0,1
136,0,0,0,1
137,0,0,0,1
138,0,0,0,1
139,0,0,0,1
140,0,0,0,1
141,0,0,0,1
142,0,0,0,1
143,0,0,0,1
144,0,0,0,1
145,0,0,0,1
146,0,0,0,1
147,0,0,0,1
148,0,0,0,1
149,0,0,0,1
150,0,0,0,1
151,0,0,0,1
152,0,0,0,1
153,0,0,0,1
154,0,0,0,1
155,0,0,0,1
156,0,0,0,1
157,0,0,0,1
158,0,0,0,1
159,0,0,0,1
160,0,0,0,1
161,0,0,0,1
162,0,0,0,1
163,0,0,0,1
164,0,0,0,1
165,0,0,0,1
166,0,0,0,1
167,0,0,0,1
168,0,0,0,1
169,0,0,0,1
170,0,0,0,1
171,0,0,0,1
172,0,0,0,1
173,0,0,0,1
174,0,0,0,1
175,0,0,0,1
176,0,0,0,1
177,0,0,0,1
178,0,0,0,1
179,0,0,0,1
180,0,0,0,1
181,0,0,0,1
182,0,0,0,1
183,0,0,0,1
184,0,0,0,1
185,0,0,0,1
186,0,0,0,1
187,0,0,0,1
188,0,0,0,1
189,0,0,0,1
190,0,0,0,1
191,0,0,0,1
192,0,0,0,1
193,0,0,0,1
194,0,0,0,1
195,0,0,0,1
196,0,0,0,1
197,0,0,0,1
198,0,0,0,1
199,0,0,0,1
200,0,0,0,1
201,0,0,0,1
202,0,0,0,1
203,0,0,0,1
204,0,0,0,1
205,0,0,0,1
206,0,0,0,1
207,0,0,0,1
208,0,0,0,1
209,0,0,0,1
210,0,0,0,1
211,0,0,0,1
212,0,0,0,1
213,0,0,0,1
214,0,0,0,1
215,0,0,0,1
216,0,0,0,1
217,0,0,0,1
218,0,0,0,1
219,0,0,0,1
220,0,0,0,1
221,0,0,0,1
222,0,0,0,1
223,0,0,0,1
224,0,0,0,1
225,0,0,0,1
226,0,0,0,1
227,0,0,0,1
228,0,0,0,1
229,0,0,0,1
230,0,0,0,1
231,0,0,0,1
232,0,0,0,1
233,0,0,0,1
234,0,0,0,1
235,0,0,0,1
236,0,0,0,1
237,0,0,0,1
238,0,0,0,1
239,0,0,0,1
240,0,0,0,1
241,0,0,0,1
242,0,0,0,1
243,0,0,0,1
244,0,0,0,1
245,0,0,0,1
246,0,0,0,1
247,0,0,0,1
248,0,0,0,1
249,0,0,0,1
250,0,0,0,1
251,0,0,0,1
252,0,0,0,1
253,0,0,0,1
254,0,0,0,1
255,0,0,0,1
256,0,0,0,1
257,0,0,0,1
258,0,0,0,1
259,0,0,0,1
260,0,0,0,1
261,0,0,0,1
262,0,0,0,1
263,0,0,0,1
264,0,0,0,1
265,0,0,0,1
266,0,0,0,1
267,0,0,0,1
268,0,0,0,1
269,0,0,0,1
270,0,0,0,1
271,0,0,0,1
272,0,0,0,1
273,0,0,0,1
274,0,0,0,1
275,0,0,0,1
276,0,0,0,1
277,0,0,0,1
278,0,0,0,1
279,0,0,0,1
280,0,0,0,1
281,0,0,0,1
282,0,0,0,1
283,0,0,0,1
284,0,0,0,1
285,0,0,0,1
286,0,0,0,1
287,0,0,0,1
288,0,0,0,1
289,0,0,0,1
290,0,0,0,1
291,0,0,0,1
292,0,0,0,1
293,0,0,0,1
294,0,0,0,1
295,0,0,0,1
296,0,0,0,1
297,0,0,0,1
299,0,0,0,1
300,0,0,0,1
301,0,0,0,1
303,0,0,0,1
304,0,0,0,1
305,0,0,0,1
306,0,0,0,1
307,0,0,0,1
308,0,0,0,1
309,0,0,0,1
310,0,0,0,1
311,0,0,0,1
312,0,0,0,1
313,0,0,0,1
314,0,0,0,1
315,0,0,0,1
316,0,0,0,1
317,0,0,0,1
318,0,0,0,1
319,0,0,0,1
320,0,0,0,1
321,0,0,0,1
322,0,0,0,1
323,0,0,0,1
324,0,0,0,1
325,0,0,0,1
326,0,0,0,1
329,0,0,0,1
330,0,0,0,1
331,0,0,0,1
332,0,0,0,1
333,0,0,0,1
334,0,0,0,1
335,0,0,0,1
336,0,0,0,1
337,0,0,0,1
338,0,0,0,1
339,0,0,0,1
340,0,0,0,1
341,0,0,0,1
342,0,0,0,1
343,0,0,0,1
344,0,0,0,1
345,0,0,0,1
346,0,0,0,1
347,0,0,0,1
349,0,0,0,1
350,0,0,0,1
351,0,0,0,1
352,0,0,0,1
353,0,0,0,1
354,0,0,0,1
355,0,0,0,1
356,0,0,0,1
357,0,0,0,1
358,0,0,0,1
359,0,0,0,1
360,0,0,0,1
361,0,0,0,1
362,0,0,0,1
363,0,0,0,1
364,0,0,0,1
365,0,0,0,1
366,0,0,0,1
367,0,0,0,1
368,0,0,0,1
369,0,0,0,1
370,0,0,0,1
371,0,0,0,1
372,0,0,0,1
373,0,0,0,1
374,0,0,0,1
375,0,0,0,1
376,0,0,0,1
377,0,0,0,1
378,0,0,0,1
379,0,0,0,1
380,0,0,0,1
381,0,0,0,1
382,0,0,0,1
383,0,0,0,1
384,0,0,0,1
385,0,0,0,1
386,0,0,0,1
387,0,0,0,1
388,0,0,0,1
389,0,0,0,1
390,0,0,0,1
391,0,0,0,1
392,0,0,0,1
393,0,0,0,1
394,0,0,0,1
395,0,0,0,1
396,0,0,0,1
397,0,0,0,1
398,0,0,0,1
399,0,0,0,1
400,0,0,0,1
401,0,0,0,1
402,0,0,0,1
403,0,0,0,1
404,0,0,0,1
405,0,0,0,1
406,0,0,0,1
407,0,0,0,1
408,0,0,0,1
409,0,0,0,1
411,0,0,0,1
412,0,0,0,1
413,0,0,0,1
414,0,0,0,1
415,0,0,0,1
416,0,0,0,1
417,0,0,0,1
418,0,0,0,1
419,0,0,0,1
420,0,0,0,1
421,0,0,0,1
422,0,0,0,1
423,0,0,0,1
424,0,0,0,1
425,0,0,0,1
426,0,0,0,1
427,0,0,0,1
428,0,0,0,1
429,0,0,0,1
430,0,0,0,1
431,0,0,0,1
433,0,0,0,1
434,0,0,0,1
435,0,0,0,1
436,0,0,0,1
437,0,0,0,1
438,0,0,0,1
439,0,0,0,1
440,0,0,0,1
441,0,0,0,1
442,0,0,0,1
443,0,0,0,1
444,0,0,0,1
446,0,0,0,1
447,0,0,0,1
448,0,0,0,1
449,0,0,0,1
450,0,0,0,1
451,0,0,0,1
452,0,0,0,1
453,0,0,0,1
454,0,0,0,1
455,0,0,0,1
456,0,0,0,1
457,0,0,0,1
458,0,0,0,1
459,0,0,0,1
460,0,0,0,1
461,0,0,0,1
462,0,0,0,1
463,0,0,0,1
464,0,0,0,1
465,0,0,0,1
466,0,0,0,1
467,0,0,0,1
468,0,0,0,1
469,0,0,0,1
470,0,0,0,1
471,0,0,0,1
472,0,0,0,1
473,0,0,0,1
474,0,0,0,1
475,0,0,0,1
476,0,0,0,1
477,0,0,0,1
478,0,0,0,1
479,0,0,0,1
480,0,0,0,1
481,0,0,0,1
482,0,0,0,1
483,0,0,0,1
484,0,0,0,1
485,0,0,0,1
486,0,0,0,1
487,0,0,0,1
488,0,0,0,1
489,0,0,0,1
490,0,0,0,1
491,0,0,0,1
492,0,0,0,1
493,0,0,0,1
494,0,0,0,1
495,0,0,0,1
496,0,0,0,1
497,0,0,0,1
498,0,0,0,1
499,0,0,0,1
500,0,0,0,1
501,0,0,0,1
502,0,0,0,1
503,0,0,0,1
504,0,0,0,1
505,0,0,0,1
506,0,0,0,1
507,0,0,0,1
508,0,0,0,1
509,0,0,0,1
510,0,0,0,1
511,0,0,0,1
512,0,0,0,1
513,0,0,0,1
514,0,0,0,1
515,0,0,0,1
516,0,0,0,1
517,0,0,0,1
518,0,0,0,1
519,0,0,0,1
520,0,0,0,1
521,0,0,0,1
522,0,0,0,1
523,0,0,0,1
524,0,0,0,1
525,0,0,0,1
526,0,0,0,1
527,0,0,0,1
528,0,0,0,1
529,0,0,0,1
530,0,0,0,1
531,0,0,0,1
532,0,0,0,1
533,0,0,0,1
534,0,0,0,1
535,0,0,0,1
536,0,0,0,1
537,0,0,0,1
538,0,0,0,1
539,0,0,0,1
540,0,0,0,1
541,0,0,0,1
542,0,0,0,1
543,0,0,0,1
544,0,0,0,1
545,0,0,0,1
546,0,0,0,1
547,0,0,0,1
548,0,0,0,1
549,0,0,0,1
550,0,0,0,1
551,0,0,0,1
553,0,0,0,1
554,0,0,0,1
555,0,0,0,1
556,0,0,0,1
557,0,0,0,1
558,0,0,0,1
559,0,0,0,1
560,0,0,0,1
561,0,0,0,1
562,0,0,0,1
563,0,0,0,1
564,0,0,0,1
565,0,0,0,1
566,0,0,0,1
567,0,0,0,1
568,0,0,0,1
569,0,0,0,1
570,0,0,0,1
571,0,0,0,1
572,0,0,0,1
573,0,0,0,1
574,0,0,0,1
575,0,0,0,1
576,0,0,0,1
578,0,0,0,1
579,0,0,0,1
581,0,0,0,1
582,0,0,0,1
583,0,0,0,1
584,0,0,0,1
585,0,0,0,1
586,0,0,0,1
588,0,0,0,1
590,0,0,0,1
592,0,0,0,1
593,0,0,0,1
594,0,0,0,1
595,0,0,0,1
597,0,0,0,1
598,0,0,0,1
599,0,0,0,1
600,0,0,0,1
601,0,0,0,1
602,0,0,0,1
603,0,0,0,1
604,0,0,0,1
605,0,0,0,1
606,0,0,0,1
607,0,0,0,1
608,0,0,0,1
609,0,0,0,1
610,0,0,0,1
611,0,0,0,1
612,0,0,0,1
613,0,0,0,1
614,0,0,0,1
615,0,0,0,1
616,0,0,0,1
617,0,0,0,1
618,0,0,0,1
619,0,0,0,1
620,0,0,0,1
621,0,0,0,1
622,0,0,0,1
623,0,0,0,1
624,0,0,0,1
625,0,0,0,1
626,0,0,0,1
627,0,0,0,1
628,0,0,0,1
629,0,0,0,1
630,0,0,0,1
631,0,0,0,1
632,0,0,0,1
633,0,0,0,1
634,0,0,0,1
635,0,0,0,1
636,0,0,0,1
637,0,0,0,1
638,0,0,0,1
639,0,0,0,1
640,0,0,0,1
641,0,0,0,1
642,0,0,0,1
643,0,0,0,1
644,0,0,0,1
645,0,0,0,1
646,0,0,0,1
647,0,0,0,1
648,0,0,0,1
649,0,0,0,1
650,0,0,0,1
100001,0,0,0,1
100002,0,0,0,1
100003,0,0,0,1
100004,0,0,0,1
100005,0,0,0,1
100006,0,0,0,1
100007,0,0,0,1
100008,0,0,0,1
100009,0,0,0,1
100010,0,0,0,1
100011,0,0,0,1
100012,0,0,0,1
100013,0,0,0,1
100014,0,0,0,1
100015,0,0,0,1
100016,0,0,0,1
100017,0,0,0,1
100018,0,0,0,1
100019,0,0,0,1
100020,0,0,0,1
100021,0,0,0,1
100022,0,0,0,1
100023,0,0,0,1
100024,0,0,0,1
100025,0,0,0,1
100027,0,0,0,1
100028,0,0,0,1
100029,0,0,0,1
100030,0,0,0,1
100031,0,0,0,1
100032,0,0,0,1
100034,0,0,0,1
100035,0,0,0,1
100036,0,0,0,1
100037,0,0,0,1
100038,0,0,0,1
100039,0,0,0,1
100040,0,0,0,1
100041,0,0,0,1
100042,0,0,0,1
100043,0,0,0,1
100044,0,0,0,1
100045,0,0,0,1
100046,0,0,0,1
100047,0,0,0,1
100048,0,0,0,1
100049,0,0,0,1
100050,0,0,0,1
100051,0,0,0,1
100052,0,0,0,1
100056,0,0,0,1
100057,0,0,0,1
100059,0,0,0,1
100061,0,0,0,1
100062,0,0,0,1
100063,0,0,0,1
100064,0,0,0,1
100065,0,0,0,1
100066,0,0,0,1
100067,0,0,0,1
100068,0,0,0,1
100069,0,0,0,1
100070,0,0,0,1
100071,0,0,0,1
100072,0,0,0,1
100073,0,0,0,1
100074,0,0,0,1
100075,0,0,0,1
100076,0,0,0,1
100077,0,0,0,1
100078,0,0,0,1
100081,0,0,0,1
100082,0,0,0,1
100083,0,0,0,1
100084,0,0,0,1
100085,0,0,0,1
100086,0,0,0,1
100087,0,0,0,1
100088,0,0,0,1
100089,0,0,0,1
100090,0,0,0,1
100091,0,0,0,1
100092,0,0,0,1
100093,0,0,0,1
100094,0,0,0,1
100095,0,0,0,1
100096,0,0,0,1
100097,0,0,0,1
100098,0,0,0,1
100099,0,0,0,1
100100,0,0,0,1
100101,0,0,0,1
100102,0,0,0,1
100103,0,0,0,1
100104,0,0,0,1
100105,0,0,0,1
100106,0,0,0,1
100107,0,0,0,1
100108,0,0,0,1
100109,0,0,0,1
100110,0,0,0,1
100111,0,0,0,1
100113,0,0,0,1
100114,0,0,0,1
100115,0,0,0,1
100116,0,0,0,1
100117,0,0,0,1
100118,0,0,0,1
100119,0,0,0,1
100120,0,0,0,1
100121,0,0,0,1
100122,0,0,0,1
100123,0,0,0,1
100124,0,0,0,1
100125,0,0,0,1
100126,0,0,0,1
100128,0,0,0,1
100129,0,0,0,1
100130,0,0,0,1
100131,0,0,0,1
100132,0,0,0,1
100133,0,0,0,1
100134,0,0,0,1
100135,0,0,0,1
100136,0,0,0,1
100137,0,0,0,1
100138,0,0,0,1
100139,0,0,0,1
100140,0,0,0,1
100141,0,0,0,1
100142,0,0,0,1
100143,0,0,0,1
100144,0,0,0,1
100145,0,0,0,1
100146,0,0,0,1
100147,0,0,0,1
100148,0,0,0,1
100149,0,0,0,1
100150,0,0,0,1
100151,0,0,0,1
100152,0,0,0,1
100153,0,0,0,1
100154,0,0,0,1
100155,0,0,0,1
100156,0,0,0,1
100157,0,0,0,1
100158,0,0,0,1
100162,0,0,0,1
100163,0,0,0,1
100164,0,0,0,1
100165,0,0,0,1
100166,0,0,0,1
100167,0,0,0,1
100168,0,0,0,1
100169,0,0,0,1
100170,0,0,0,1
100171,0,0,0,1
100172,0,0,0,1
100173,0,0,0,1
100174,0,0,0,1
100176,0,0,0,1
100177,0,0,0,1
100178,0,0,0,1
100180,0,0,0,1
100181,0,0,0,1
100182,0,0,0,1
100183,0,0,0,1
100184,0,0,0,1
100185,0,0,0,1
100186,0,0,0,1
100187,0,0,0,1
100188,0,0,0,1
100189,0,0,0,1
100191,0,0,0,1
100192,0,0,0,1
100193,0,0,0,1
100194,0,0,0,1
100195,0,0,0,1
100196,0,0,0,1
100197,0,0,0,1
100199,0,0,0,1
100201,0,0,0,1
100202,0,0,0,1
100203,0,0,0,1
100204,0,0,0,1
100206,0,0,0,1
100207,0,0,0,1
100211,0,0,0,1
100212,0,0,0,1
100213,0,0,0,1
100214,0,0,0,1
100215,0,0,0,1
100216,0,0,0,1
100217,0,0,0,1
100218,0,0,0,1
100219,0,0,0,1
100220,0,0,0,1
100221,0,0,0,1
100222,0,0,0,1
100223,0,0,0,1
100224,0,0,0,1
100226,0,0,0,1
100227,0,0,0,1
100228,0,0,0,1
100230,0,0,0,1
100231,0,0,0,1
100232,0,0,0,1
100233,0,0,0,1
100234,0,0,0,1
100235,0,0,0,1
100236,0,0,0,1
100237,0,0,0,1
100238,0,0,0,1
100239,0,0,0,1
100240,0,0,0,1
100241,0,0,0,1
100242,0,0,0,1
100243,0,0,0,1
100244,0,0,0,1
100245,0,0,0,1
100246,0,0,0,1
100248,0,0,0,1
100249,0,0,0,1
100250,0,0,0,1
100251,0,0,0,1
100252,0,0,0,1
100254,0,0,0,1
100255,0,0,0,1
100257,0,0,0,1
100258,0,0,0,1
100259,0,0,0,1
100260,0,0,0,1
100261,0,0,0,1
100262,0,0,0,1
100263,0,0,0,1
100264,0,0,0,1
100265,0,0,0,1
100266,0,0,0,1
100267,0,0,0,1
100268,0,0,0,1
100270,0,0,0,1
100271,0,0,0,1
100272,0,0,0,1
100273,0,0,0,1
100274,0,0,0,1
100275,0,0,0,1
100276,0,0,0,1
100277,0,0,0,1
100278,0,0,0,1
100279,0,0,0,1
100280,0,0,0,1
100281,0,0,0,1
100282,0,0,0,1
100283,0,0,0,1
100284,0,0,0,1
100285,0,0,0,1
100286,0,0,0,1
100287,0,0,0,1
100288,0,0,0,1
100289,0,0,0,1
100290,0,0,0,1
100291,0,0,0,1
100292,0,0,0,1
100293,0,0,0,1
100294,0,0,0,1
100296,0,0,0,1
100297,0,0,0,1
100298,0,0,0,1
100299,0,0,0,1
100300,0,0,0,1
100301,0,0,0,1
100303,0,0,0,1
100304,0,0,0,1
100305,0,0,0,1
100306,0,0,0,1
100307,0,0,0,1
100308,0,0,0,1
100309,0,0,0,1
100310,0,0,0,1
100311,0,0,0,1
100313,0,0,0,1
100314,0,0,0,1
100315,0,0,0,1
100317,0,0,0,1
100318,0,0,0,1
100319,0,0,0,1
100320,0,0,0,1
100322,0,0,0,1
100323,0,0,0,1
100324,0,0,0,1
100325,0,0,0,1
100326,0,0,0,1
100327,0,0,0,1
100328,0,0,0,1
100329,0,0,0,1
100330,0,0,0,1
100331,0,0,0,1
100332,0,0,0,1
100333,0,0,0,1
100334,0,0,0,1
100335,0,0,0,1
100336,0,0,0,1
100337,0,0,0,1
100338,0,0,0,1
100339,0,0,0,1
100340,0,0,0,1
100341,0,0,0,1
100342,0,0,0,1
100343,0,0,0,1
100344,0,0,0,1
100345,0,0,0,1
100346,0,0,0,1
100347,0,0,0,1
100348,0,0,0,1
100349,0,0,0,1
100350,0,0,0,1
100351,0,0,0,1
100352,0,0,0,1
100353,0,0,0,1
100354,0,0,0,1
100356,0,0,0,1
100357,0,0,0,1
100360,0,0,0,1
100361,0,0,0,1
100362,0,0,0,1
100363,0,0,0,1
100365,0,0,0,1
100368,0,0,0,1
100369,0,0,0,1
100370,0,0,0,1
100371,0,0,0,1
100372,0,0,0,1
100373,0,0,0,1
100374,0,0,0,1
100375,0,0,0,1
100376,0,0,0,1
100379,0,0,0,1
100380,0,0,0,1
100381,0,0,0,1
100382,0,0,0,1
100383,0,0,0,1
100384,0,0,0,1
100385,0,0,0,1
100386,0,0,0,1
100387,0,0,0,1
100388,0,0,0,1
100389,0,0,0,1
100390,0,0,0,1
100391,0,0,0,1
100392,0,0,0,1
100393,0,0,0,1
100394,0,0,0,1
100395,0,0,0,1
100396,0,0,0,1
100398,0,0,0,1
100399,0,0,0,1
100401,0,0,0,1
100402,0,0,0,1
100405,0,0,0,1
100407,0,0,0,1
100409,0,0,0,1
100410,0,0,0,1
100412,0,0,0,1
100413,0,0,0,1
100416,0,0,0,1
100417,0,0,0,1
100418,0,0,0,1
100419,0,0,0,1
100420,0,0,0,1
100421,0,0,0,1
100422,0,0,0,1
100423,0,0,0,1
100425,0,0,0,1
100426,0,0,0,1
100428,0,0,0,1
100429,0,0,0,1
100430,0,0,0,1
100432,0,0,0,1
100433,0,0,0,1
100434,0,0,0,1
100435,0,0,0,1
100436,0,0,0,1
100437,0,0,0,1
100438,0,0,0,1
100439,0,0,0,1
100440,0,0,0,1
100441,0,0,0,1
100442,0,0,0,1
100443,0,0,0,1
100444,0,0,0,1
100445,0,0,0,1
100446,0,0,0,1
100447,0,0,0,1
100448,0,0,0,1
100449,0,0,0,1
100450,0,0,0,1
100451,0,0,0,1
100452,0,0,0,1
100453,0,0,0,1
100454,0,0,0,1
100455,0,0,0,1
100458,0,0,0,1
100459,0,0,0,1
100461,0,0,0,1
100462,0,0,0,1
100463,0,0,0,1
100464,0,0,0,1
100465,0,0,0,1
100466,0,0,0,1
100467,0,0,0,1
200002,0,0,0,1
200003,0,0,0,1
200004,0,0,0,1
200005,0,0,0,1
200006,0,0,0,1
200007,0,0,0,1
200008,0,0,0,1
200009,0,0,0,1
200010,0,0,0,1
200011,0,0,0,1
200012,0,0,0,1
200013,0,0,0,1
200014,0,0,0,1
200015,0,0,0,1
200016,0,0,0,1
200017,0,0,0,1
200018,0,0,0,1
200019,0,0,0,1
200020,0,0,0,1
200021,0,0,0,1
200022,0,0,0,1
200023,0,0,0,1
200024,0,0,0,1
200025,0,0,0,1
200026,0,0,0,1
200027,0,0,0,1
200028,0,0,0,1
200029,0,0,0,1
200030,0,0,0,1
200031,0,0,0,1
200032,0,0,0,1
200033,0,0,0,1
200034,0,0,0,1
200035,0,0,0,1
200036,0,0,0,1
200037,0,0,0,1
200038,0,0,0,1
200039,0,0,0,1
200040,0,0,0,1
200042,0,0,0,1
200043,0,0,0,1
200044,0,0,0,1
200045,0,0,0,1
200046,0,0,0,1
200047,0,0,0,1
200048,0,0,0,1
200050,0,0,0,1
200051,0,0,0,1
200052,0,0,0,1
200053,0,0,0,1
200054,0,0,0,1
200056,0,0,0,1
200057,0,0,0,1
200058,0,0,0,1
200059,0,0,0,1
200060,0,0,0,1
200061,0,0,0,1
200062,0,0,0,1
200063,0,0,0,1
200065,0,0,0,1
200066,0,0,0,1
200067,0,0,0,1
200068,0,0,0,1
200069,0,0,0,1
200070,0,0,0,1
200071,0,0,0,1
200072,0,0,0,1
200074,0,0,0,1
200075,0,0,0,1
200076,0,0,0,1
200077,0,0,0,1
200078,0,0,0,1
200079,0,0,0,1
200080,0,0,0,1
200081,0,0,0,1
200082,0,0,0,1
200084,0,0,0,1
200085,0,0,0,1
200086,0,0,0,1
200087,0,0,0,1
200088,0,0,0,1
200089,0,0,0,1
200090,0,0,0,1
200091,0,0,0,1
200092,0,0,0,1
200093,0,0,0,1
200094,0,0,0,1
200095,0,0,0,1
200097,0,0,0,1
200098,0,0,0,1
200099,0,0,0,1
200100,0,0,0,1
200101,0,0,0,1
200102,0,0,0,1
200103,0,0,0,1
200104,0,0,0,1
200105,0,0,0,1
200106,0,0,0,1
200107,0,0,0,1
200108,0,0,0,1
200109,0,0,0,1
200110,0,0,0,1
200111,0,0,0,1
200112,0,0,0,1
200113,0,0,0,1
200114,0,0,0,1
200115,0,0,0,1
200116,0,0,0,1
200117,0,0,0,1
200118,0,0,0,1
200119,0,0,0,1
200120,0,0,0,1
200121,0,0,0,1
200122,0,0,0,1
200123,0,0,0,1
200124,0,0,0,1
200125,0,0,0,1
200126,0,0,0,1
200127,0,0,0,1
200128,0,0,0,1
200130,0,0,0,1
200131,0,0,0,1
200132,0,0,0,1
200133,0,0,0,1
200134,0,0,0,1
200135,0,0,0,1
200136,0,0,0,1
200137,0,0,0,1
200138,0,0,0,1
200139,0,0,0,1
200140,0,0,0,1
200141,0,0,0,1
200142,0,0,0,1
200143,0,0,0,1
200144,0,0,0,1
200145,0,0,0,1
200146,0,0,0,1
200147,0,0,0,1
200148,0,0,0,1
200149,0,0,0,1
200150,0,0,0,1
200151,0,0,0,1
200152,0,0,0,1
200153,0,0,0,1
200154,0,0,0,1
200155,0,0,0,1
200156,0,0,0,1
200157,0,0,0,1
200158,0,0,0,1
200159,0,0,0,1
200160,0,0,0,1
200161,0,0,0,1
200162,0,0,0,1
200164,0,0,0,1
200165,0,0,0,1
200166,0,0,0,1
200167,0,0,0,1
200168,0,0,0,1
200169,0,0,0,1
200170,0,0,0,1
200171,0,0,0,1
200172,0,0,0,1
200173,0,0,0,1
200174,0,0,0,1
200177,0,0,0,1
200178,0,0,0,1
200179,0,0,0,1
200180,0,0,0,1
200181,0,0,0,1
200182,0,0,0,1
200183,0,0,0,1
200184,0,0,0,1
200185,0,0,0,1
200186,0,0,0,1
200187,0,0,0,1
200188,0,0,0,1
200189,0,0,0,1
200190,0,0,0,1
200191,0,0,0,1
200192,0,0,0,1
200193,0,0,0,1
200194,0,0,0,1
200195,0,0,0,1
200196,0,0,0,1
200197,0,0,0,1
200198,0,0,0,1
200199,0,0,0,1
200200,0,0,0,1
200201,0,0,0,1
200202,0,0,0,1
200203,0,0,0,1
200204,0,0,0,1
200205,0,0,0,1
200206,0,0,0,1
200207,0,0,0,1
200208,0,0,0,1
200209,0,0,0,1
200210,0,0,0,1
200211,0,0,0,1
200212,0,0,0,1
200213,0,0,0,1
200214,0,0,0,1
200215,0,0,0,1
200216,0,0,0,1
200217,0,0,0,1
200219,0,0,0,1
200220,0,0,0,1
200221,0,0,0,1
200222,0,0,0,1
200223,0,0,0,1
200224,0,0,0,1
200225,0,0,0,1
200226,0,0,0,1
200227,0,0,0,1
200228,0,0,0,1
200229,0,0,0,1
200230,0,0,0,1
200231,0,0,0,1
200232,0,0,0,1
200233,0,0,0,1
200234,0,0,0,1
200235,0,0,0,1
200236,0,0,0,1
200237,0,0,0,1
200238,0,0,0,1
200240,0,0,0,1
200241,0,0,0,1
200242,0,0,0,1
200243,0,0,0,1
200244,0,0,0,1
200245,0,0,0,1
200246,0,0,0,1
200247,0,0,0,1
200248,0,0,0,1
200249,0,0,0,1
200250,0,0,0,1
200251,0,0,0,1
200253,0,0,0,1
200254,0,0,0,1
200255,0,0,0,1
200256,0,0,0,1
200257,0,0,0,1
200258,0,0,0,1
200259,0,0,0,1
200260,0,0,0,1
200261,0,0,0,1
200262,0,0,0,1
200263,0,0,0,1
200264,0,0,0,1
200265,0,0,0,1
200266,0,0,0,1
200267,0,0,0,1
200268,0,0,0,1
200269,0,0,0,1
200270,0,0,0,1
200271,0,0,0,1
200272,0,0,0,1
200273,0,0,0,1
200274,0,0,0,1
200275,0,0,0,1
200276,0,0,0,1
200277,0,0,0,1
200278,0,0,0,1
200279,0,0,0,1
200280,0,0,0,1
200281,0,0,0,1
200282,0,0,0,1
200283,0,0,0,1
200284,0,0,0,1
200285,0,0,0,1
200286,0,0,0,1
200287,0,0,0,1
200289,0,0,0,1
200290,0,0,0,1
200292,0,0,0,1
200293,0,0,0,1
200294,0,0,0,1
200295,0,0,0,1
200296,0,0,0,1
200297,0,0,0,1
200298,0,0,0,1
200299,0,0,0,1
200300,0,0,0,1
200301,0,0,0,1
200302,0,0,0,1
200303,0,0,0,1
200304,0,0,0,1
200305,0,0,0,1
200306,0,0,0,1
200307,0,0,0,1
200308,0,0,0,1
200309,0,0,0,1
200310,0,0,0,1
200311,0,0,0,1
200312,0,0,0,1
200313,0,0,0,1
200314,0,0,0,1
200315,0,0,0,1
200316,0,0,0,1
200317,0,0,0,1
200318,0,0,0,1
200319,0,0,0,1
200320,0,0,0,1
200321,0,0,0,1
200322,0,0,0,1
200323,0,0,0,1
200324,0,0,0,1
200325,0,0,0,1
200326,0,0,0,1
200327,0,0,0,1
200328,0,0,0,1
200329,0,0,0,1
200330,0,0,0,1
200331,0,0,0,1
200332,0,0,0,1
200333,0,0,0,1
200334,0,0,0,1
200335,0,0,0,1
200336,0,0,0,1
200337,0,0,0,1
200338,0,0,0,1
200339,0,0,0,1
200340,0,0,0,1
200341,0,0,0,1
200342,0,0,0,1
200344,0,0,0,1
200345,0,0,0,1
200346,0,0,0,1
200347,0,0,0,1
200348,0,0,0,1
200349,0,0,0,1
200350,0,0,0,1
200351,0,0,0,1
200352,0,0,0,1
200353,0,0,0,1
200354,0,0,0,1
200355,0,0,0,1
200356,0,0,0,1
200357,0,0,0,1
200358,0,0,0,1
200359,0,0,0,1
200360,0,0,0,1
200361,0,0,0,1
200362,0,0,0,1
200363,0,0,0,1
200364,0,0,0,1
200365,0,0,0,1
200366,0,0,0,1
200367,0,0,0,1
200368,0,0,0,1
200369,0,0,0,1
200371,0,0,0,1
200374,0,0,0,1
200375,0,0,0,1
200376,0,0,0,1
200377,0,0,0,1
200378,0,0,0,1
200379,0,0,0,1
200380,0,0,0,1
200381,0,0,0,1
200382,0,0,0,1
200383,0,0,0,1
200384,0,0,0,1
200385,0,0,0,1
200386,0,0,0,1
200387,0,0,0,1
200388,0,0,0,1
200389,0,0,0,1
200390,0,0,0,1
200391,0,0,0,1
200392,0,0,0,1
200393,0,0,0,1
200394,0,0,0,1
200395,0,0,0,1
200396,0,0,0,1
200397,0,0,0,1
200398,0,0,0,1
200399,0,0,0,1
200400,0,0,0,1
200401,0,0,0,1
200402,0,0,0,1
200403,0,0,0,1
200404,0,0,0,1
200405,0,0,0,1
200406,0,0,0,1
200407,0,0,0,1
200408,0,0,0,1
200409,0,0,0,1
200410,0,0,0,1
200411,0,0,0,1
200412,0,0,0,1
200413,0,0,0,1
200415,0,0,0,1
200416,0,0,0,1
200419,0,0,0,1
200420,0,0,0,1
200421,0,0,0,1
200422,0,0,0,1
200423,0,0,0,1
200424,0,0,0,1
200425,0,0,0,1
200426,0,0,0,1
200427,0,0,0,1
200428,0,0,0,1
200429,0,0,0,1
200430,0,0,0,1
200431,0,0,0,1
200432,0,0,0,1
200433,0,0,0,1
200434,0,0,0,1
200435,0,0,0,1
200436,0,0,0,1
200437,0,0,0,1
200438,0,0,0,1
200439,0,0,0,1
200440,0,0,0,1
200441,0,0,0,1
200442,0,0,0,1
200443,0,0,0,1
200444,0,0,0,1
200445,0,0,0,1
200446,0,0,0,1
200447,0,0,0,1
200448,0,0,0,1
200449,0,0,0,1
200450,0,0,0,1
200451,0,0,0,1
200452,0,0,0,1
200453,0,0,0,1
200454,0,0,0,1
200455,0,0,0,1
200456,0,0,0,1
200457,0,0,0,1
200458,0,0,0,1
200459,0,0,0,1
200460,0,0,0,1
200461,0,0,0,1
200462,0,0,0,1
200463,0,0,0,1
200464,0,0,0,1
200465,0,0,0,1
200466,0,0,0,1
200467,0,0,0,1
200468,0,0,0,1
200469,0,0,0,1
200470,0,0,0,1
200471,0,0,0,1
200472,0,0,0,1
200473,0,0,0,1
200474,0,0,0,1
200475,0,0,0,1
200476,0,0,0,1
200477,0,0,0,1
200478,0,0,0,1
200479,0,0,0,1
200480,0,0,0,1
200481,0,0,0,1
200482,0,0,0,1
200484,0,0,0,1
200485,0,0,0,1
200486,0,0,0,1
200487,0,0,0,1
200488,0,0,0,1
200489,0,0,0,1
200490,0,0,0,1
200491,0,0,0,1
200493,0,0,0,1
200494,0,0,0,1
200495,0,0,0,1
200496,0,0,0,1
200497,0,0,0,1
200498,0,0,0,1
200500,0,0,0,1
200501,0,0,0,1
200503,0,0,0,1
200505,0,0,0,1
200506,0,0,0,1
200507,0,0,0,1
200508,0,0,0,1
200509,0,0,0,1
200510,0,0,0,1
200511,0,0,0,1
200512,0,0,0,1
200513,0,0,0,1
200514,0,0,0,1
200515,0,0,0,1
200516,0,0,0,1
200517,0,0,0,1
200518,0,0,0,1
200519,0,0,0,1
200520,0,0,0,1
200521,0,0,0,1
200522,0,0,0,1
200523,0,0,0,1
200524,0,0,0,1
200525,0,0,0,1
200526,0,0,0,1
200527,0,0,0,1
200528,0,0,0,1
200529,0,0,0,1
200530,0,0,0,1
200531,0,0,0,1
200532,0,0,0,1
200533,0,0,0,1
200534,0,0,0,1
200535,0,0,0,1
200536,0,0,0,1
200537,0,0,0,1
200538,0,0,0,1
200540,0,0,0,1
200541,0,0,0,1
200542,0,0,0,1
200543,0,0,0,1
200544,0,0,0,1
200545,0,0,0,1
200546,0,0,0,1
200547,0,0,0,1
200548,0,0,0,1
200550,0,0,0,1
200551,0,0,0,1
200553,0,0,0,1
200554,0,0,0,1
200555,0,0,0,1
200556,0,0,0,1
200557,0,0,0,1
200558,0,0,0,1
200559,0,0,0,1
200560,0,0,0,1
200561,0,0,0,1
200562,0,0,0,1
200563,0,0,0,1
200564,0,0,0,1
200565,0,0,0,1
200566,0,0,0,1
200567,0,0,0,1
200568,0,0,0,1
200569,0,0,0,1
200570,0,0,0,1
200571,0,0,0,1
200572,0,0,0,1
200573,0,0,0,1
200574,0,0,0,1
200575,0,0,0,1
200576,0,0,0,1
200577,0,0,0,1
200578,0,0,0,1
200579,0,0,0,1
200580,0,0,0,1
200581,0,0,0,1
200582,0,0,0,1
200583,0,0,0,1
200584,0,0,0,1
200585,0,0,0,1
200586,0,0,0,1
200587,0,0,0,1
200588,0,0,0,1
200589,0,0,0,1
200590,0,0,0,1
200593,0,0,0,1
200595,0,0,0,1
200596,0,0,0,1
200597,0,0,0,1
200598,0,0,0,1
200599,0,0,0,1
200600,0,0,0,1
200601,0,0,0,1
200602,0,0,0,1
200603,0,0,0,1
200604,0,0,0,1
200605,0,0,0,1
200606,0,0,0,1
200607,0,0,0,1
200608,0,0,0,1
200609,0,0,0,1
200610,0,0,0,1
200611,0,0,0,1
200612,0,0,0,1
200613,0,0,0,1
200614,0,0,0,1
200615,0,0,0,1
200616,0,0,0,1
200617,0,0,0,1
200618,0,0,0,1
200619,0,0,0,1
200620,0,0,0,1
200621,0,0,0,1
200622,0,0,0,1
200623,0,0,0,1
200624,0,0,0,1
200625,0,0,0,1
200626,0,0,0,1
200627,0,0,0,1
200628,0,0,0,1
200630,0,0,0,1
200631,0,0,0,1
200632,0,0,0,1
200633,0,0,0,1
200634,0,0,0,1
200635,0,0,0,1
200636,0,0,0,1
200637,0,0,0,1
200638,0,0,0,1
200639,0,0,0,1
200641,0,0,0,1
200642,0,0,0,1
200643,0,0,0,1
200645,0,0,0,1
200646,0,0,0,1
200647,0,0,0,1
200648,0,0,0,1
200649,0,0,0,1
200650,0,0,0,1
200651,0,0,0,1
200652,0,0,0,1
200653,0,0,0,1
200654,0,0,0,1
200656,0,0,0,1
200657,0,0,0,1
200658,0,0,0,1
200659,0,0,0,1
200660,0,0,0,1
200661,0,0,0,1
200662,0,0,0,1
200663,0,0,0,1
200664,0,0,0,1
200665,0,0,0,1
200666,0,0,0,1
200667,0,0,0,1
200668,0,0,0,1
200669,0,0,0,1
200670,0,0,0,1
200671,0,0,0,1
200672,0,0,0,1
200673,0,0,0,1
200675,0,0,0,1
200676,0,0,0,1
200677,0,0,0,1
200678,0,0,0,1
200679,0,0,0,1
200680,0,0,0,1
200681,0,0,0,1
200682,0,0,0,1
200683,0,0,0,1
200684,0,0,0,1
200685,0,0,0,1
200686,0,0,0,1
200687,0,0,0,1
200688,0,0,0,1
200689,0,0,0,1
200690,0,0,0,1
200692,0,0,0,1
200693,0,0,0,1
200694,0,0,0,1
200695,0,0,0,1
200696,0,0,0,1
200697,0,0,0,1
200698,0,0,0,1
200699,0,0,0,1
200700,0,0,0,1
200702,0,0,0,1
200703,0,0,0,1
200705,0,0,0,1
200706,0,0,0,1
200707,0,0,0,1
200708,0,0,0,1
200709,0,0,0,1
200710,0,0,0,1
200711,0,0,0,1
200712,0,0,0,1
200713,0,0,0,1
200714,0,0,0,1
200715,0,0,0,1
200716,0,0,0,1
200718,0,0,0,1
200720,0,0,0,1
200721,0,0,0,1
200722,0,0,0,1
200723,0,0,0,1
200724,0,0,0,1
200725,0,0,0,1
200726,0,0,0,1
200727,0,0,0,1
200730,0,0,0,1
200731,0,0,0,1
200732,0,0,0,1
200733,0,0,0,1
200734,0,0,0,1
200735,0,0,0,1
200736,0,0,0,1
200737,0,0,0,1
200738,0,0,0,1
200739,0,0,0,1
200740,0,0,0,1
200741,0,0,0,1
200743,0,0,0,1
200744,0,0,0,1
200745,0,0,0,1
200747,0,0,0,1
200748,0,0,0,1
200750,0,0,0,1
200751,0,0,0,1
200752,0,0,0,1
200753,0,0,0,1
200754,0,0,0,1
200755,0,0,0,1
200756,0,0,0,1
200757,0,0,0,1
200758,0,0,0,1
200759,0,0,0,1
200760,0,0,0,1
200762,0,0,0,1
200763,0,0,0,1
200764,0,0,0,1
200765,0,0,0,1
200766,0,0,0,1
200767,0,0,0,1
200768,0,0,0,1
200769,0,0,0,1
200770,0,0,0,1
200771,0,0,0,1
200773,0,0,0,1
200774,0,0,0,1
200775,0,0,0,1
200776,0,0,0,1
200777,0,0,0,1
200778,0,0,0,1
200779,0,0,0,1
200780,0,0,0,1
200781,0,0,0,1
200782,0,0,0,1
200783,0,0,0,1
200784,0,0,0,1
200785,0,0,0,1
200786,0,0,0,1
200788,0,0,0,1
200790,0,0,0,1
200791,0,0,0,1
200792,0,0,0,1
200793,0,0,0,1
200794,0,0,0,1
200796,0,0,0,1
200797,0,0,0,1
200798,0,0,0,1
200799,0,0,0,1
200800,0,0,0,1
200801,0,0,0,1
200802,0,0,0,1
200803,0,0,0,1
200804,0,0,0,1
200805,0,0,0,1
200806,0,0,0,1
200807,0,0,0,1
200808,0,0,0,1
200809,0,0,0,1
200810,0,0,0,1
200811,0,0,0,1
200812,0,0,0,1
200813,0,0,0,1
200814,0,0,0,1
200815,0,0,0,1
200816,0,0,0,1
200817,0,0,0,1
200818,0,0,0,1
200819,0,0,0,1
200821,0,0,0,1
200822,0,0,0,1
200823,0,0,0,1
200824,0,0,0,1
200825,0,0,0,1
200827,0,0,0,1
200829,0,0,0,1
200830,0,0,0,1
200831,0,0,0,1
200832,0,0,0,1
200833,0,0,0,1
200834,0,0,0,1
200835,0,0,0,1
200836,0,0,0,1
200837,0,0,0,1
200838,0,0,0,1
200839,0,0,0,1
200840,0,0,0,1
200841,0,0,0,1
200842,0,0,0,1
200843,0,0,0,1
200844,0,0,0,1
200845,0,0,0,1
200846,0,0,0,1
200847,0,0,0,1
200848,0,0,0,1
200849,0,0,0,1
200850,0,0,0,1
200851,0,0,0,1
200852,0,0,0,1
200853,0,0,0,1
200854,0,0,0,1
200855,0,0,0,1
200856,0,0,0,1
200857,0,0,0,1
200858,0,0,0,1
200859,0,0,0,1
200860,0,0,0,1
200861,0,0,0,1
200862,0,0,0,1
200863,0,0,0,1
200864,0,0,0,1
200865,0,0,0,1
200866,0,0,0,1
200867,0,0,0,1
200868,0,0,0,1
200869,0,0,0,1
200870,0,0,0,1
200871,0,0,0,1
200872,0,0,0,1
200874,0,0,0,1
200875,0,0,0,1
200876,0,0,0,1
200877,0,0,0,1
200878,0,0,0,1
200879,0,0,0,1
200881,0,0,0,1
200883,0,0,0,1
200884,0,0,0,1
200885,0,0,0,1
200886,0,0,0,1
200887,0,0,0,1
200888,0,0,0,1
200889,0,0,0,1
200890,0,0,0,1
200893,0,0,0,1
200894,0,0,0,1
200895,0,0,0,1
200896,0,0,0,1
200897,0,0,0,1
200898,0,0,0,1
200899,0,0,0,1
200900,0,0,0,1
200901,0,0,0,1
200902,0,0,0,1
200903,0,0,0,1
200904,0,0,0,1
200905,0,0,0,1
200906,0,0,0,1
200907,0,0,0,1
200908,0,0,0,1
200909,0,0,0,1
200910,0,0,0,1
200911,0,0,0,1
200912,0,0,0,1
200913,0,0,0,1
200914,0,0,0,1
200915,0,0,0,1
200916,0,0,0,1
200917,0,0,0,1
200919,0,0,0,1
200920,0,0,0,1
200921,0,0,0,1
200922,0,0,0,1
200925,0,0,0,1
200926,0,0,0,1
200927,0,0,0,1
200928,0,0,0,1
200929,0,0,0,1
200930,0,0,0,1
200932,0,0,0,1
200933,0,0,0,1
200934,0,0,0,1
200935,0,0,0,1
200936,0,0,0,1
200938,0,0,0,1
200939,0,0,0,1
200940,0,0,0,1
200941,0,0,0,1
200942,0,0,0,1
200943,0,0,0,1
200944,0,0,0,1
200945,0,0,0,1
200946,0,0,0,1
200947,0,0,0,1
200948,0,0,0,1
200949,0,0,0,1
200951,0,0,0,1
200953,0,0,0,1
200954,0,0,0,1
200955,0,0,0,1
200956,0,0,0,1
200957,0,0,0,1
200958,0,0,0,1
200959,0,0,0,1
200960,0,0,0,1
200961,0,0,0,1
200964,0,0,0,1
200966,0,0,0,1
200967,0,0,0,1
200968,0,0,0,1
200969,0,0,0,1
200970,0,0,0,1
200971,0,0,0,1
200972,0,0,0,1
200973,0,0,0,1
200974,0,0,0,1
200975,0,0,0,1
200976,0,0,0,1
200977,0,0,0,1
200978,0,0,0,1
200979,0,0,0,1
200980,0,0,0,1
200981,0,0,0,1
200982,0,0,0,1
200983,0,0,0,1
200984,0,0,0,1
200985,0,0,0,1
200986,0,0,0,1
200987,0,0,0,1
200989,0,0,0,1
200990,0,0,0,1
200991,0,0,0,1
200992,0,0,0,1
200993,0,0,0,1
200994,0,0,0,1
200995,0,0,0,1
200996,0,0,0,1
200997,0,0,0,1
200998,0,0,0,1
200999,0,0,0,1
201000,0,0,0,1
201002,0,0,0,1
201004,0,0,0,1
201007,0,0,0,1
201008,0,0,0,1
201009,0,0,0,1
201010,0,0,0,1
201011,0,0,0,1
201012,0,0,0,1
201013,0,0,0,1
201014,0,0,0,1
201015,0,0,0,1
201017,0,0,0,1
201018,0,0,0,1
201019,0,0,0,1
201020,0,0,0,1
201021,0,0,0,1
201022,0,0,0,1
201023,0,0,0,1
201024,0,0,0,1
201025,0,0,0,1
201026,0,0,0,1
201027,0,0,0,1
201028,0,0,0,1
201030,0,0,0,1
201031,0,0,0,1
201032,0,0,0,1
201033,0,0,0,1
201034,0,0,0,1
201035,0,0,0,1
201036,0,0,0,1
201037,0,0,0,1
201038,0,0,0,1
201039,0,0,0,1
201040,0,0,0,1
201041,0,0,0,1
201042,0,0,0,1
201043,0,0,0,1
201044,0,0,0,1
201046,0,0,0,1
201047,0,0,0,1
201048,0,0,0,1
201049,0,0,0,1
201050,0,0,0,1
201051,0,0,0,1
201052,0,0,0,1
201053,0,0,0,1
201054,0,0,0,1
201055,0,0,0,1
201056,0,0,0,1
201057,0,0,0,1
201058,0,0,0,1
201059,0,0,0,1
201060,0,0,0,1
201061,0,0,0,1
201062,0,0,0,1
201063,0,0,0,1
201064,0,0,0,1
201065,0,0,0,1
201066,0,0,0,1
201068,0,0,0,1
201069,0,0,0,1
201070,0,0,0,1
201071,0,0,0,1
201072,0,0,0,1
201073,0,0,0,1
201074,0,0,0,1
201075,0,0,0,1
201076,0,0,0,1
201077,0,0,0,1
201078,0,0,0,1
201079,0,0,0,1
201080,0,0,0,1
201081,0,0,0,1
201082,0,0,0,1
201083,0,0,0,1
201084,0,0,0,1
201085,0,0,0,1
201086,0,0,0,1
201087,0,0,0,1
201088,0,0,0,1
201089,0,0,0,1
201090,0,0,0,1
201091,0,0,0,1
201092,0,0,0,1
201093,0,0,0,1
300001,0,0,0,1
300002,0,0,0,1
300003,0,0,0,1
300004,0,0,0,1
300005,0,0,0,1
300006,0,0,0,1
300007,0,0,0,1
300008,0,0,0,1
300009,0,0,0,1
300010,0,0,0,1
300011,0,0,0,1
300012,0,0,0,1
300013,0,0,0,1
300014,0,0,0,1
300015,0,0,0,1
300016,0,0,0,1
300017,0,0,0,1
300018,0,0,0,1
300019,0,0,0,1
300020,0,0,0,1
300021,0,0,0,1
300022,0,0,0,1
300023,0,0,0,1
300024,0,0,0,1
300025,0,0,0,1
300026,0,0,0,1
300027,0,0,0,1
300028,0,0,0,1
300029,0,0,0,1
300030,0,0,0,1
300031,0,0,0,1
300032,0,0,0,1
300033,0,0,0,1
300034,0,0,0,1
300035,0,0,0,1
300036,0,0,0,1
300037,0,0,0,1
300038,0,0,0,1
300039,0,0,0,1
300040,0,0,0,1
300041,0,0,0,1
300042,0,0,0,1
300043,0,0,0,1
300044,0,0,0,1
300046,0,0,0,1
300047,0,0,0,1
300048,0,0,0,1
300049,0,0,0,1
300050,0,0,0,1
300051,0,0,0,1
300052,0,0,0,1
300053,0,0,0,1
300054,0,0,0,1
300055,0,0,0,1
300056,0,0,0,1
300057,0,0,0,1
300058,0,0,0,1
300059,0,0,0,1
300060,0,0,0,1
300061,0,0,0,1
300062,0,0,0,1
300063,0,0,0,1
300064,0,0,0,1
300065,0,0,0,1
300066,0,0,0,1
300067,0,0,0,1
300068,0,0,0,1
300069,0,0,0,1
300070,0,0,0,1
300071,0,0,0,1
300072,0,0,0,1
300073,0,0,0,1
300074,0,0,0,1
300075,0,0,0,1
300076,0,0,0,1
300077,0,0,0,1
300078,0,0,0,1
300079,0,0,0,1
300080,0,0,0,1
300081,0,0,0,1
300082,0,0,0,1
300083,0,0,0,1
300084,0,0,0,1
300085,0,0,0,1
300086,0,0,0,1
300087,0,0,0,1
300088,0,0,0,1
300089,0,0,0,1
300090,0,0,0,1
300092,0,0,0,1
300093,0,0,0,1
300094,0,0,0,1
300095,0,0,0,1
300096,0,0,0,1
300097,0,0,0,1
300098,0,0,0,1
300099,0,0,0,1
300100,0,0,0,1
300101,0,0,0,1
300102,0,0,0,1
300103,0,0,0,1
300104,0,0,0,1
300105,0,0,0,1
300106,0,0,0,1
300107,0,0,0,1
300108,0,0,0,1
300109,0,0,0,1
300110,0,0,0,1
300111,0,0,0,1
300112,0,0,0,1
300113,0,0,0,1
300114,0,0,0,1
300115,0,0,0,1
300116,0,0,0,1
300118,0,0,0,1
300119,0,0,0,1
300120,0,0,0,1
300121,0,0,0,1
300122,0,0,0,1
300123,0,0,0,1
300124,0,0,0,1
300125,0,0,0,1
300126,0,0,0,1
300127,0,0,0,1
300128,0,0,0,1
300129,0,0,0,1
300130,0,0,0,1
300131,0,0,0,1
300132,0,0,0,1
300133,0,0,0,1
300134,0,0,0,1
300135,0,0,0,1
300136,0,0,0,1
300137,0,0,0,1
300138,0,0,0,1
300139,0,0,0,1
300140,0,0,0,1
300141,0,0,0,1
300142,0,0,0,1
300143,0,0,0,1
300144,0,0,0,1
300145,0,0,0,1
300146,0,0,0,1
300147,0,0,0,1
300148,0,0,0,1
300149,0,0,0,1
300150,0,0,0,1
300151,0,0,0,1
300153,0,0,0,1
300154,0,0,0,1
300155,0,0,0,1
300156,0,0,0,1
300157,0,0,0,1
300158,0,0,0,1
300159,0,0,0,1
300160,0,0,0,1
300161,0,0,0,1
300162,0,0,0,1
300163,0,0,0,1
300164,0,0,0,1
300165,0,0,0,1
300166,0,0,0,1
300167,0,0,0,1
300168,0,0,0,1
300169,0,0,0,1
300170,0,0,0,1
300171,0,0,0,1
300172,0,0,0,1
300173,0,0,0,1
300174,0,0,0,1
300175,0,0,0,1
300176,0,0,0,1
300177,0,0,0,1
300178,0,0,0,1
300179,0,0,0,1
300180,0,0,0,1
300181,0,0,0,1
300182,0,0,0,1
300183,0,0,0,1
300184,0,0,0,1
300185,0,0,0,1
300186,0,0,0,1
300187,0,0,0,1
300188,0,0,0,1
300189,0,0,0,1
300190,0,0,0,1
300191,0,0,0,1
300192,0,0,0,1
300193,0,0,0,1
300194,0,0,0,1
300195,0,0,0,1
300196,0,0,0,1
300197,0,0,0,1
300198,0,0,0,1
300199,0,0,0,1
300200,0,0,0,1
300201,0,0,0,1
300202,0,0,0,1
300203,0,0,0,1
300204,0,0,0,1
300205,0,0,0,1
300206,0,0,0,1
300207,0,0,0,1
300208,0,0,0,1
300209,0,0,0,1
300210,0,0,0,1
300211,0,0,0,1
300212,0,0,0,1
300213,0,0,0,1
300214,0,0,0,1
300215,0,0,0,1
300216,0,0,0,1
300217,0,0,0,1
300218,0,0,0,1
300219,0,0,0,1
300220,0,0,0,1
300221,0,0,0,1
300222,0,0,0,1
300223,0,0,0,1
300224,0,0,0,1
300225,0,0,0,1
300226,0,0,0,1
300227,0,0,0,1
300228,0,0,0,1
300229,0,0,0,1
300231,0,0,0,1
300232,0,0,0,1
300233,0,0,0,1
300234,0,0,0,1
300235,0,0,0,1
300236,0,0,0,1
300237,0,0,0,1
300238,0,0,0,1
300239,0,0,0,1
300240,0,0,0,1
300241,0,0,0,1
300242,0,0,0,1
300243,0,0,0,1
300244,0,0,0,1
300245,0,0,0,1
300246,0,0,0,1
300247,0,0,0,1
300248,0,0,0,1
300249,0,0,0,1
300250,0,0,0,1
300251,0,0,0,1
300252,0,0,0,1
300253,0,0,0,1
300254,0,0,0,1
300255,0,0,0,1
300256,0,0,0,1
300257,0,0,0,1
300258,0,0,0,1
300259,0,0,0,1
300260,0,0,0,1
300261,0,0,0,1
300262,0,0,0,1
300263,0,0,0,1
300264,0,0,0,1
300265,0,0,0,1
300266,0,0,0,1
300267,0,0,0,1
300268,0,0,0,1
300269,0,0,0,1
300270,0,0,0,1
300271,0,0,0,1
300272,0,0,0,1
300273,0,0,0,1
300274,0,0,0,1
300275,0,0,0,1
300276,0,0,0,1
300277,0,0,0,1
300279,0,0,0,1
300280,0,0,0,1
300281,0,0,0,1
300282,0,0,0,1
300283,0,0,0,1
300284,0,0,0,1
300286,0,0,0,1
300287,0,0,0,1
300288,0,0,0,1
300289,0,0,0,1
300290,0,0,0,1
300291,0,0,0,1
300292,0,0,0,1
300293,0,0,0,1
300295,0,0,0,1
300296,0,0,0,1
300297,0,0,0,1
300298,0,0,0,1
300299,0,0,0,1
300300,0,0,0,1
300301,0,0,0,1
300302,0,0,0,1
300303,0,0,0,1
300304,0,0,0,1
300305,0,0,0,1
300306,0,0,0,1
300307,0,0,0,1
300308,0,0,0,1
300309,0,0,0,1
300310,0,0,0,1
300311,0,0,0,1
300312,0,0,0,1
300313,0,0,0,1
300314,0,0,0,1
300315,0,0,0,1
300316,0,0,0,1
300317,0,0,0,1
300318,0,0,0,1
300319,0,0,0,1
300320,0,0,0,1
300321,0,0,0,1
300322,0,0,0,1
300323,0,0,0,1
300324,0,0,0,1
300325,0,0,0,1
300326,0,0,0,1
300327,0,0,0,1
300328,0,0,0,1
300329,0,0,0,1
300330,0,0,0,1
300331,0,0,0,1
300332,0,0,0,1
300333,0,0,0,1
300334,0,0,0,1
300335,0,0,0,1
300336,0,0,0,1
300337,0,0,0,1
300338,0,0,0,1
300339,0,0,0,1
300340,0,0,0,1
300341,0,0,0,1
300342,0,0,0,1
300343,0,0,0,1
300344,0,0,0,1
300345,0,0,0,1
300346,0,0,0,1
300347,0,0,0,1
300348,0,0,0,1
300349,0,0,0,1
300350,0,0,0,1
300351,0,0,0,1
300352,0,0,0,1
300353,0,0,0,1
300354,0,0,0,1
300355,0,0,0,1
300356,0,0,0,1
300357,0,0,0,1
300358,0,0,0,1
300359,0,0,0,1
300360,0,0,0,1
300361,0,0,0,1
300362,0,0,0,1
300363,0,0,0,1
300364,0,0,0,1
300365,0,0,0,1
300366,0,0,0,1
300367,0,0,0,1
300368,0,0,0,1
300369,0,0,0,1
300370,0,0,0,1
300371,0,0,0,1
300372,0,0,0,1
300373,0,0,0,1
300374,0,0,0,1
300375,0,0,0,1
300376,0,0,0,1
300377,0,0,0,1
300378,0,0,0,1
300379,0,0,0,1
300380,0,0,0,1
300381,0,0,0,1
300382,0,0,0,1
300383,0,0,0,1
300384,0,0,0,1
300385,0,0,0,1
300386,0,0,0,1
300387,0,0,0,1
300388,0,0,0,1
300389,0,0,0,1
300390,0,0,0,1
300391,0,0,0,1
300392,0,0,0,1
300393,0,0,0,1
300394,0,0,0,1
300395,0,0,0,1
300396,0,0,0,1
300397,0,0,0,1
300398,0,0,0,1
300399,0,0,0,1
300400,0,0,0,1
300401,0,0,0,1
300402,0,0,0,1
300403,0,0,0,1
300404,0,0,0,1
300405,0,0,0,1
300406,0,0,0,1
300407,0,0,0,1
300408,0,0,0,1
300409,0,0,0,1
300410,0,0,0,1
300411,0,0,0,1
300412,0,0,0,1
300413,0,0,0,1
300414,0,0,0,1
300417,0,0,0,1
300418,0,0,0,1
300419,0,0,0,1
300420,0,0,0,1
300421,0,0,0,1
300422,0,0,0,1
300423,0,0,0,1
300424,0,0,0,1
300425,0,0,0,1
300426,0,0,0,1
300427,0,0,0,1
300428,0,0,0,1
300429,0,0,0,1
300430,0,0,0,1
300431,0,0,0,1
300432,0,0,0,1
300433,0,0,0,1
300434,0,0,0,1
300435,0,0,0,1
300436,0,0,0,1
300437,0,0,0,1
300438,0,0,0,1
300439,0,0,0,1
300440,0,0,0,1
300441,0,0,0,1
300442,0,0,0,1
300443,0,0,0,1
300444,0,0,0,1
300445,0,0,0,1
300446,0,0,0,1
300447,0,0,0,1
300448,0,0,0,1
300449,0,0,0,1
300450,0,0,0,1
300451,0,0,0,1
300452,0,0,0,1
300453,0,0,0,1
300454,0,0,0,1
300455,0,0,0,1
300456,0,0,0,1
300457,0,0,0,1
300458,0,0,0,1
300459,0,0,0,1
300460,0,0,0,1
300461,0,0,0,1
300462,0,0,0,1
300463,0,0,0,1
300464,0,0,0,1
300465,0,0,0,1
300466,0,0,0,1
300467,0,0,0,1
300468,0,0,0,1
300469,0,0,0,1
300470,0,0,0,1
300471,0,0,0,1
300472,0,0,0,1
300473,0,0,0,1
300474,0,0,0,1
300475,0,0,0,1
300476,0,0,0,1
300477,0,0,0,1
300478,0,0,0,1
300480,0,0,0,1
300481,0,0,0,1
300482,0,0,0,1
300483,0,0,0,1
300484,0,0,0,1
300485,0,0,0,1
300487,0,0,0,1
300488,0,0,0,1
300489,0,0,0,1
300490,0,0,0,1
300491,0,0,0,1
300493,0,0,0,1
300494,0,0,0,1
300495,0,0,0,1
300496,0,0,0,1
300497,0,0,0,1
300498,0,0,0,1
300499,0,0,0,1
300501,0,0,0,1
300502,0,0,0,1
300503,0,0,0,1
300504,0,0,0,1
300505,0,0,0,1
300506,0,0,0,1
300507,0,0,0,1
300508,0,0,0,1
300509,0,0,0,1
300510,0,0,0,1
300512,0,0,0,1
300514,0,0,0,1
300515,0,0,0,1
300516,0,0,0,1
300517,0,0,0,1
300518,0,0,0,1
300519,0,0,0,1
300520,0,0,0,1
300521,0,0,0,1
300522,0,0,0,1
300523,0,0,0,1
300525,0,0,0,1
300527,0,0,0,1
300528,0,0,0,1
300530,0,0,0,1
300531,0,0,0,1
300532,0,0,0,1
300533,0,0,0,1
300535,0,0,0,1
300536,0,0,0,1
300537,0,0,0,1
300538,0,0,0,1
300539,0,0,0,1
300540,0,0,0,1
300541,0,0,0,1
300542,0,0,0,1
300543,0,0,0,1
300544,0,0,0,1
300545,0,0,0,1
300546,0,0,0,1
300547,0,0,0,1
300548,0,0,0,1
300549,0,0,0,1
300550,0,0,0,1
300551,0,0,0,1
300552,0,0,0,1
300553,0,0,0,1
300554,0,0,0,1
300555,0,0,0,1
300556,0,0,0,1
300557,0,0,0,1
300558,0,0,0,1
300559,0,0,0,1
300560,0,0,0,1
300561,0,0,0,1
300562,0,0,0,1
300563,0,0,0,1
300564,0,0,0,1
300565,0,0,0,1
300566,0,0,0,1
300567,0,0,0,1
300568,0,0,0,1
300569,0,0,0,1
300570,0,0,0,1
300571,0,0,0,1
300572,0,0,0,1
300573,0,0,0,1
300574,0,0,0,1
300575,0,0,0,1
300576,0,0,0,1
300577,0,0,0,1
300578,0,0,0,1
300579,0,0,0,1
300580,0,0,0,1
300581,0,0,0,1
300582,0,0,0,1
300583,0,0,0,1
300584,0,0,0,1
300586,0,0,0,1
300587,0,0,0,1
300588,0,0,0,1
300589,0,0,0,1
300590,0,0,0,1
300591,0,0,0,1
300592,0,0,0,1
300593,0,0,0,1
300594,0,0,0,1
300595,0,0,0,1
300596,0,0,0,1
300597,0,0,0,1
300598,0,0,0,1
300599,0,0,0,1
300600,0,0,0,1
300601,0,0,0,1
300602,0,0,0,1
300603,0,0,0,1
300604,0,0,0,1
300605,0,0,0,1
300606,0,0,0,1
300607,0,0,0,1
300609,0,0,0,1
300610,0,0,0,1
300611,0,0,0,1
300612,0,0,0,1
300613,0,0,0,1
300614,0,0,0,1
300615,0,0,0,1
300616,0,0,0,1
300617,0,0,0,1
300618,0,0,0,1
300619,0,0,0,1
300620,0,0,0,1
300621,0,0,0,1
300622,0,0,0,1
300623,0,0,0,1
300624,0,0,0,1
300625,0,0,0,1
300626,0,0,0,1
300627,0,0,0,1
300628,0,0,0,1
300629,0,0,0,1
300630,0,0,0,1
300631,0,0,0,1
300632,0,0,0,1
300633,0,0,0,1
300634,0,0,0,1
300635,0,0,0,1
300637,0,0,0,1
300638,0,0,0,1
300639,0,0,0,1
300640,0,0,0,1
300641,0,0,0,1
300642,0,0,0,1
300643,0,0,0,1
300644,0,0,0,1
300645,0,0,0,1
300646,0,0,0,1
300647,0,0,0,1
300648,0,0,0,1
300649,0,0,0,1
300650,0,0,0,1
300651,0,0,0,1
300652,0,0,0,1
300653,0,0,0,1
300654,0,0,0,1
300655,0,0,0,1
300656,0,0,0,1
300657,0,0,0,1
300658,0,0,0,1
300659,0,0,0,1
300660,0,0,0,1
300661,0,0,0,1
300662,0,0,0,1
300663,0,0,0,1
300664,0,0,0,1
300665,0,0,0,1
300666,0,0,0,1
300667,0,0,0,1
300668,0,0,0,1
300669,0,0,0,1
300670,0,0,0,1
300671,0,0,0,1
300672,0,0,0,1
300673,0,0,0,1
300674,0,0,0,1
300675,0,0,0,1
300676,0,0,0,1
300677,0,0,0,1
300678,0,0,0,1
300679,0,0,0,1
300680,0,0,0,1
300681,0,0,0,1
300682,0,0,0,1
300683,0,0,0,1
300684,0,0,0,1
300685,0,0,0,1
300686,0,0,0,1
300687,0,0,0,1
300688,0,0,0,1
300689,0,0,0,1
300690,0,0,0,1
300691,0,0,0,1
300693,0,0,0,1
300695,0,0,0,1
300696,0,0,0,1
300697,0,0,0,1
300698,0,0,0,1
300699,0,0,0,1
300700,0,0,0,1
300701,0,0,0,1
300702,0,0,0,1
300703,0,0,0,1
300704,0,0,0,1
300705,0,0,0,1
300706,0,0,0,1
300707,0,0,0,1
300708,0,0,0,1
300709,0,0,0,1
300710,0,0,0,1
300711,0,0,0,1
300712,0,0,0,1
300713,0,0,0,1
300714,0,0,0,1
300715,0,0,0,1
300716,0,0,0,1
300717,0,0,0,1
300718,0,0,0,1
300719,0,0,0,1
300720,0,0,0,1
300721,0,0,0,1
300722,0,0,0,1
300723,0,0,0,1
300724,0,0,0,1
300725,0,0,0,1
300726,0,0,0,1
300727,0,0,0,1
300728,0,0,0,1
300729,0,0,0,1
300730,0,0,0,1
300731,0,0,0,1
300732,0,0,0,1
300733,0,0,0,1
300734,0,0,0,1
300735,0,0,0,1
300736,0,0,0,1
300737,0,0,0,1
300738,0,0,0,1
300739,0,0,0,1
300740,0,0,0,1
300741,0,0,0,1
300742,0,0,0,1
300743,0,0,0,1
300744,0,0,0,1
300745,0,0,0,1
300746,0,0,0,1
300747,0,0,0,1
300748,0,0,0,1
300749,0,0,0,1
300750,0,0,0,1
300751,0,0,0,1
300752,0,0,0,1
300753,0,0,0,1
300754,0,0,0,1
300755,0,0,0,1
300756,0,0,0,1
300757,0,0,0,1
300758,0,0,0,1
300759,0,0,0,1
300760,0,0,0,1
300761,0,0,0,1
300762,0,0,0,1
300763,0,0,0,1
300764,0,0,0,1
300765,0,0,0,1
300766,0,0,0,1
300767,0,0,0,1
300768,0,0,0,1
300769,0,0,0,1
300770,0,0,0,1
300771,0,0,0,1
300772,0,0,0,1
300773,0,0,0,1
300774,0,0,0,1
300775,0,0,0,1
300776,0,0,0,1
300777,0,0,0,1
300778,0,0,0,1
300779,0,0,0,1
300780,0,0,0,1
300781,0,0,0,1
300782,0,0,0,1
300783,0,0,0,1
300784,0,0,0,1
300785,0,0,0,1
300786,0,0,0,1
300787,0,0,0,1
300788,0,0,0,1
300789,0,0,0,1
300790,0,0,0,1
300791,0,0,0,1
300792,0,0,0,1
300793,0,0,0,1
300794,0,0,0,1
300795,0,0,0,1
300796,0,0,0,1
300797,0,0,0,1
300798,0,0,0,1
300799,0,0,0,1
300800,0,0,0,1
300801,0,0,0,1
300802,0,0,0,1
300803,0,0,0,1
300804,0,0,0,1
300805,0,0,0,1
300806,0,0,0,1
300807,0,0,0,1
300808,0,0,0,1
300809,0,0,0,1
300810,0,0,0,1
300811,0,0,0,1
300813,0,0,0,1
300814,0,0,0,1
300815,0,0,0,1
300816,0,0,0,1
300817,0,0,0,1
300819,0,0,0,1
300820,0,0,0,1
300821,0,0,0,1
300822,0,0,0,1
300823,0,0,0,1
300824,0,0,0,1
300825,0,0,0,1
300826,0,0,0,1
300827,0,0,0,1
300828,0,0,0,1
300829,0,0,0,1
300830,0,0,0,1
300831,0,0,0,1
300832,0,0,0,1
300833,0,0,0,1
300834,0,0,0,1
300835,0,0,0,1
300836,0,0,0,1
300837,0,0,0,1
300838,0,0,0,1
300839,0,0,0,1
300840,0,0,0,1
300841,0,0,0,1
300842,0,0,0,1
300843,0,0,0,1
300844,0,0,0,1
300845,0,0,0,1
300846,0,0,0,1
300847,0,0,0,1
300848,0,0,0,1
300849,0,0,0,1
300850,0,0,0,1
300851,0,0,0,1
300852,0,0,0,1
300853,0,0,0,1
300854,0,0,0,1
300855,0,0,0,1
300856,0,0,0,1
300857,0,0,0,1
300858,0,0,0,1
300859,0,0,0,1
300860,0,0,0,1
300861,0,0,0,1
300862,0,0,0,1
300863,0,0,0,1
300864,0,0,0,1
300865,0,0,0,1
300866,0,0,0,1
300867,0,0,0,1
300868,0,0,0,1
300870,0,0,0,1
300872,0,0,0,1
300873,0,0,0,1
300875,0,0,0,1
300876,0,0,0,1
300877,0,0,0,1
300878,0,0,0,1
300879,0,0,0,1
300880,0,0,0,1
300881,0,0,0,1
300882,0,0,0,1
300883,0,0,0,1
300884,0,0,0,1
300885,0,0,0,1
300886,0,0,0,1
300887,0,0,0,1
300888,0,0,0,1
300889,0,0,0,1
300890,0,0,0,1
300891,0,0,0,1
300892,0,0,0,1
300893,0,0,0,1
300894,0,0,0,1
300895,0,0,0,1
300896,0,0,0,1
300897,0,0,0,1
300898,0,0,0,1
300899,0,0,0,1
300900,0,0,0,1
300901,0,0,0,1
300902,0,0,0,1
300903,0,0,0,1
300904,0,0,0,1
300905,0,0,0,1
300906,0,0,0,1
300907,0,0,0,1
300908,0,0,0,1
300909,0,0,0,1
300911,0,0,0,1
300912,0,0,0,1
300913,0,0,0,1
300914,0,0,0,1
300915,0,0,0,1
300916,0,0,0,1
300917,0,0,0,1
300918,0,0,0,1
300919,0,0,0,1
300920,0,0,0,1
300921,0,0,0,1
300922,0,0,0,1
300923,0,0,0,1
300924,0,0,0,1
300925,0,0,0,1
300926,0,0,0,1
300927,0,0,0,1
300928,0,0,0,1
300929,0,0,0,1
300930,0,0,0,1
300931,0,0,0,1
300932,0,0,0,1
300933,0,0,0,1
300934,0,0,0,1
300935,0,0,0,1
300936,0,0,0,1
300937,0,0,0,1
300938,0,0,0,1
300939,0,0,0,1
300940,0,0,0,1
300941,0,0,0,1
300943,0,0,0,1
300944,0,0,0,1
300945,0,0,0,1
300946,0,0,0,1
300947,0,0,0,1
300948,0,0,0,1
300949,0,0,0,1
300950,0,0,0,1
300951,0,0,0,1
300952,0,0,0,1
300953,0,0,0,1
300954,0,0,0,1
300955,0,0,0,1
300956,0,0,0,1
300957,0,0,0,1
300958,0,0,0,1
300959,0,0,0,1
300960,0,0,0,1
300961,0,0,0,1
300962,0,0,0,1
300963,0,0,0,1
300964,0,0,0,1
300966,0,0,0,1
300967,0,0,0,1
300968,0,0,0,1
300969,0,0,0,1
300970,0,0,0,1
300972,0,0,0,1
300973,0,0,0,1
300974,0,0,0,1
300975,0,0,0,1
300976,0,0,0,1
300977,0,0,0,1
300978,0,0,0,1
300979,0,0,0,1
300980,0,0,0,1
300981,0,0,0,1
300982,0,0,0,1
300983,0,0,0,1
300984,0,0,0,1
300985,0,0,0,1
300986,0,0,0,1
300987,0,0,0,1
300988,0,0,0,1
300989,0,0,0,1
300990,0,0,0,1
300991,0,0,0,1
300992,0,0,0,1
300994,0,0,0,1
300996,0,0,0,1
300997,0,0,0,1
300998,0,0,0,1
300999,0,0,0,1
301000,0,0,0,1
301001,0,0,0,1
301002,0,0,0,1
301003,0,0,0,1
301004,0,0,0,1
301005,0,0,0,1
301006,0,0,0,1
301007,0,0,0,1
301008,0,0,0,1
301009,0,0,0,1
301010,0,0,0,1
301011,0,0,0,1
301012,0,0,0,1
301013,0,0,0,1
301014,0,0,0,1
301015,0,0,0,1
301016,0,0,0,1
301017,0,0,0,1
301018,0,0,0,1
301019,0,0,0,1
301020,0,0,0,1
301021,0,0,0,1
301022,0,0,0,1
301023,0,0,0,1
301024,0,0,0,1
301025,0,0,0,1
301026,0,0,0,1
301027,0,0,0,1
301028,0,0,0,1
301029,0,0,0,1
301030,0,0,0,1
301031,0,0,0,1
301032,0,0,0,1
301033,0,0,0,1
301034,0,0,0,1
301035,0,0,0,1
301036,0,0,0,1
301037,0,0,0,1
301038,0,0,0,1
301039,0,0,0,1
301040,0,0,0,1
301041,0,0,0,1
301042,0,0,0,1
301043,0,0,0,1
301044,0,0,0,1
301045,0,0,0,1
301046,0,0,0,1
301047,0,0,0,1
301048,0,0,0,1
301049,0,0,0,1
301050,0,0,0,1
301051,0,0,0,1
301053,0,0,0,1
301054,0,0,0,1
301055,0,0,0,1
301056,0,0,0,1
301057,0,0,0,1
301058,0,0,0,1
301059,0,0,0,1
301060,0,0,0,1
301061,0,0,0,1
301062,0,0,0,1
301063,0,0,0,1
301064,0,0,0,1
301065,0,0,0,1
301066,0,0,0,1
301068,0,0,0,1
301069,0,0,0,1
301070,0,0,0,1
301071,0,0,0,1
301072,0,0,0,1
301073,0,0,0,1
301074,0,0,0,1
301075,0,0,0,1
301076,0,0,0,1
301077,0,0,0,1
301078,0,0,0,1
301079,0,0,0,1
301080,0,0,0,1
301081,0,0,0,1
301082,0,0,0,1
301084,0,0,0,1
301085,0,0,0,1
301086,0,0,0,1
301087,0,0,0,1
301088,0,0,0,1
301089,0,0,0,1
301090,0,0,0,1
301091,0,0,0,1
301092,0,0,0,1
301093,0,0,0,1
301094,0,0,0,1
301095,0,0,0,1
301096,0,0,0,1
301097,0,0,0,1
301098,0,0,0,1
301099,0,0,0,1
301100,0,0,0,1
301101,0,0,0,1
301102,0,0,0,1
301103,0,0,0,1
301104,0,0,0,1
301105,0,0,0,1
301106,0,0,0,1
301107,0,0,0,1
301108,0,0,0,1
301109,0,0,0,1
301110,0,0,0,1
301111,0,0,0,1
301112,0,0,0,1
301113,0,0,0,1
301114,0,0,0,1
301115,0,0,0,1
301116,0,0,0,1
301117,0,0,0,1
301118,0,0,0,1
301119,0,0,0,1
301120,0,0,0,1
301121,0,0,0,1
301122,0,0,0,1
301123,0,0,0,1
301124,0,0,0,1
301125,0,0,0,1
301126,0,0,0,1
301127,0,0,0,1
301128,0,0,0,1
301129,0,0,0,1
301130,0,0,0,1
301131,0,0,0,1
301132,0,0,0,1
400001,0,0,0,1
400002,0,0,0,1
400003,0,0,0,1
400004,0,0,0,1
400005,0,0,0,1
400006,0,0,0,1
400007,0,0,0,1
400008,0,0,0,1
400009,0,0,0,1
400010,0,0,0,1
400011,0,0,0,1
400012,0,0,0,1
400013,0,0,0,1
400014,0,0,0,1
400015,0,0,0,1
400016,0,0,0,1
400017,0,0,0,1
400018,0,0,0,1
400019,0,0,0,1
400020,0,0,0,1
400021,0,0,0,1
400022,0,0,0,1
400023,0,0,0,1
400024,0,0,0,1
400025,0,0,0,1
400026,0,0,0,1
400027,0,0,0,1
400028,0,0,0,1
400029,0,0,0,1
400030,0,0,0,1
400031,0,0,0,1
400032,0,0,0,1
400033,0,0,0,1
400034,0,0,0,1
400035,0,0,0,1
400036,0,0,0,1
400037,0,0,0,1
400038,0,0,0,1
400039,0,0,0,1
400040,0,0,0,1
400041,0,0,0,1
400042,0,0,0,1
400043,0,0,0,1
400044,0,0,0,1
400045,0,0,0,1
400046,0,0,0,1
400047,0,0,0,1
400048,0,0,0,1
400049,0,0,0,1
400051,0,0,0,1
400052,0,0,0,1
400053,0,0,0,1
400054,0,0,0,1
400055,0,0,0,1
400056,0,0,0,1
400057,0,0,0,1
400058,0,0,0,1
400060,0,0,0,1
400061,0,0,0,1
400062,0,0,0,1
400063,0,0,0,1
400064,0,0,0,1
400065,0,0,0,1
400066,0,0,0,1
400067,0,0,0,1
400068,0,0,0,1
400069,0,0,0,1
400070,0,0,0,1
400071,0,0,0,1
400072,0,0,0,1
400073,0,0,0,1
400074,0,0,0,1
400075,0,0,0,1
400076,0,0,0,1
400077,0,0,0,1
400078,0,0,0,1
400079,0,0,0,1
400080,0,0,0,1
400081,0,0,0,1
400082,0,0,0,1
400083,0,0,0,1
400084,0,0,0,1
400085,0,0,0,1
400086,0,0,0,1
400087,0,0,0,1
400088,0,0,0,1
400089,0,0,0,1
400090,0,0,0,1
400091,0,0,0,1
400092,0,0,0,1
400093,0,0,0,1
400094,0,0,0,1
400095,0,0,0,1
400096,0,0,0,1
400097,0,0,0,1
400098,0,0,0,1
400099,0,0,0,1
400100,0,0,0,1
400101,0,0,0,1
400102,0,0,0,1
400103,0,0,0,1
400104,0,0,0,1
400105,0,0,0,1
400106,0,0,0,1
400107,0,0,0,1
400108,0,0,0,1
400109,0,0,0,1
400110,0,0,0,1
400111,0,0,0,1
400112,0,0,0,1
400113,0,0,0,1
400114,0,0,0,1
400115,0,0,0,1
400116,0,0,0,1
400117,0,0,0,1
400118,0,0,0,1
400119,0,0,0,1
400120,0,0,0,1
400121,0,0,0,1
400122,0,0,0,1
400123,0,0,0,1
400124,0,0,0,1
400125,0,0,0,1
400126,0,0,0,1
400127,0,0,0,1
400128,0,0,0,1
400129,0,0,0,1
400130,0,0,0,1
400131,0,0,0,1
400132,0,0,0,1
400133,0,0,0,1
400134,0,0,0,1
400135,0,0,0,1
400136,0,0,0,1
400137,0,0,0,1
400138,0,0,0,1
400139,0,0,0,1
400140,0,0,0,1
400141,0,0,0,1
400142,0,0,0,1
400143,0,0,0,1
400144,0,0,0,1
400145,0,0,0,1
400146,0,0,0,1
400147,0,0,0,1
400149,0,0,0,1
400150,0,0,0,1
400151,0,0,0,1
400152,0,0,0,1
400153,0,0,0,1
400154,0,0,0,1
400155,0,0,0,1
400156,0,0,0,1
400157,0,0,0,1
400158,0,0,0,1
400159,0,0,0,1
400160,0,0,0,1
400161,0,0,0,1
400162,0,0,0,1
400163,0,0,0,1
400164,0,0,0,1
400165,0,0,0,1
400166,0,0,0,1
400167,0,0,0,1
400168,0,0,0,1
400169,0,0,0,1
400170,0,0,0,1
400171,0,0,0,1
400172,0,0,0,1
400173,0,0,0,1
400174,0,0,0,1
400175,0,0,0,1
400176,0,0,0,1
400177,0,0,0,1
400178,0,0,0,1
400179,0,0,0,1
400180,0,0,0,1
400181,0,0,0,1
400182,0,0,0,1
400183,0,0,0,1
400184,0,0,0,1
400185,0,0,0,1
400186,0,0,0,1
400187,0,0,0,1
400188,0,0,0,1
400189,0,0,0,1
400190,0,0,0,1
400191,0,0,0,1
400192,0,0,0,1
400193,0,0,0,1
400194,0,0,0,1
400195,0,0,0,1
400196,0,0,0,1
400197,0,0,0,1
400198,0,0,0,1
400199,0,0,0,1
400200,0,0,0,1
400201,0,0,0,1
400202,0,0,0,1
400203,0,0,0,1
400204,0,0,0,1
400205,0,0,0,1
400206,0,0,0,1
400207,0,0,0,1
400208,0,0,0,1
400209,0,0,0,1
400210,0,0,0,1
400211,0,0,0,1
400212,0,0,0,1
400213,0,0,0,1
400214,0,0,0,1
400215,0,0,0,1
400216,0,0,0,1
400217,0,0,0,1
400218,0,0,0,1
400219,0,0,0,1
400220,0,0,0,1
400221,0,0,0,1
400222,0,0,0,1
400223,0,0,0,1
400224,0,0,0,1
400225,0,0,0,1
400226,0,0,0,1
400227,0,0,0,1
400228,0,0,0,1
400229,0,0,0,1
400230,0,0,0,1
400231,0,0,0,1
400232,0,0,0,1
400233,0,0,0,1
400234,0,0,0,1
400235,0,0,0,1
400236,0,0,0,1
400237,0,0,0,1
400238,0,0,0,1
400239,0,0,0,1
400240,0,0,0,1
400241,0,0,0,1
400242,0,0,0,1
400243,0,0,0,1
400244,0,0,0,1
400245,0,0,0,1
400246,0,0,0,1
400247,0,0,0,1
400248,0,0,0,1
400249,0,0,0,1
400250,0,0,0,1
400251,0,0,0,1
400252,0,0,0,1
400253,0,0,0,1
400254,0,0,0,1
400255,0,0,0,1
400256,0,0,0,1
400257,0,0,0,1
400258,0,0,0,1
400259,0,0,0,1
400260,0,0,0,1
400261,0,0,0,1
400262,0,0,0,1
400263,0,0,0,1
400264,0,0,0,1
400265,0,0,0,1
400266,0,0,0,1
400267,0,0,0,1
400268,0,0,0,1
400269,0,0,0,1
400270,0,0,0,1
400271,0,0,0,1
400272,0,0,0,1
400273,0,0,0,1
400274,0,0,0,1
400275,0,0,0,1
400276,0,0,0,1
400277,0,0,0,1
400278,0,0,0,1
400280,0,0,0,1
400281,0,0,0,1
400282,0,0,0,1
400283,0,0,0,1
400284,0,0,0,1
400285,0,0,0,1
400286,0,0,0,1
400287,0,0,0,1
400288,0,0,0,1
400289,0,0,0,1
400290,0,0,0,1
400291,0,0,0,1
400292,0,0,0,1
400293,0,0,0,1
400294,0,0,0,1
400295,0,0,0,1
400296,0,0,0,1
400297,0,0,0,1
400298,0,0,0,1
400299,0,0,0,1
400300,0,0,0,1
400301,0,0,0,1
400302,0,0,0,1
400303,0,0,0,1
400304,0,0,0,1
400305,0,0,0,1
400306,0,0,0,1
400307,0,0,0,1
400308,0,0,0,1
400310,0,0,0,1
400311,0,0,0,1
400312,0,0,0,1
400313,0,0,0,1
400314,0,0,0,1
400315,0,0,0,1
400316,0,0,0,1
400317,0,0,0,1
400318,0,0,0,1
400319,0,0,0,1
400320,0,0,0,1
400321,0,0,0,1
400322,0,0,0,1
400324,0,0,0,1
400325,0,0,0,1
400326,0,0,0,1
400327,0,0,0,1
400328,0,0,0,1
400329,0,0,0,1
400330,0,0,0,1
400331,0,0,0,1
400332,0,0,0,1
400333,0,0,0,1
400334,0,0,0,1
400335,0,0,0,1
400336,0,0,0,1
400338,0,0,0,1
400339,0,0,0,1
400340,0,0,0,1
400341,0,0,0,1
400342,0,0,0,1
400343,0,0,0,1
400345,0,0,0,1
400346,0,0,0,1
400347,0,0,0,1
400348,0,0,0,1
400349,0,0,0,1
400350,0,0,0,1
400351,0,0,0,1
400352,0,0,0,1
400353,0,0,0,1
400354,0,0,0,1
400355,0,0,0,1
400356,0,0,0,1
400357,0,0,0,1
400358,0,0,0,1
400359,0,0,0,1
400360,0,0,0,1
400361,0,0,0,1
400362,0,0,0,1
400363,0,0,0,1
400364,0,0,0,1
400365,0,0,0,1
400366,0,0,0,1
400367,0,0,0,1
400368,0,0,0,1
400369,0,0,0,1
400370,0,0,0,1
400371,0,0,0,1
400372,0,0,0,1
400373,0,0,0,1
400374,0,0,0,1
400375,0,0,0,1
400376,0,0,0,1
400377,0,0,0,1
400378,0,0,0,1
400379,0,0,0,1
400380,0,0,0,1
400381,0,0,0,1
400382,0,0,0,1
400383,0,0,0,1
400384,0,0,0,1
400385,0,0,0,1
400386,0,0,0,1
400387,0,0,0,1
400388,0,0,0,1
400389,0,0,0,1
400390,0,0,0,1
400391,0,0,0,1
400392,0,0,0,1
400393,0,0,0,1
400394,0,0,0,1
400395,0,0,0,1
400396,0,0,0,1
400397,0,0,0,1
400398,0,0,0,1
400399,0,0,0,1
400400,0,0,0,1
400401,0,0,0,1
400402,0,0,0,1
400403,0,0,0,1
400404,0,0,0,1
400405,0,0,0,1
400406,0,0,0,1
400407,0,0,0,1
400408,0,0,0,1
400409,0,0,0,1
400410,0,0,0,1
400411,0,0,0,1
400412,0,0,0,1
400413,0,0,0,1
400414,0,0,0,1
400415,0,0,0,1
400416,0,0,0,1
400417,0,0,0,1
400418,0,0,0,1
400419,0,0,0,1
400420,0,0,0,1
400421,0,0,0,1
400422,0,0,0,1
400423,0,0,0,1
400424,0,0,0,1
400425,0,0,0,1
400426,0,0,0,1
400427,0,0,0,1
400428,0,0,0,1
400429,0,0,0,1
400430,0,0,0,1
400431,0,0,0,1
400432,0,0,0,1
400433,0,0,0,1
400434,0,0,0,1
400435,0,0,0,1
400436,0,0,0,1
400437,0,0,0,1
400438,0,0,0,1
400439,0,0,0,1
400440,0,0,0,1
400441,0,0,0,1
400442,0,0,0,1
400443,0,0,0,1
400444,0,0,0,1
400445,0,0,0,1
400446,0,0,0,1
400447,0,0,0,1
400448,0,0,0,1
400449,0,0,0,1
400450,0,0,0,1
400451,0,0,0,1
400452,0,0,0,1
400453,0,0,0,1
400454,0,0,0,1
400455,0,0,0,1
400456,0,0,0,1
400457,0,0,0,1
400458,0,0,0,1
400459,0,0,0,1
400460,0,0,0,1
400461,0,0,0,1
400462,0,0,0,1
400464,0,0,0,1
400465,0,0,0,1
400466,0,0,0,1
400467,0,0,0,1
400468,0,0,0,1
400469,0,0,0,1
400470,0,0,0,1
400471,0,0,0,1
400472,0,0,0,1
400473,0,0,0,1
400474,0,0,0,1
400475,0,0,0,1
400476,0,0,0,1
400477,0,0,0,1
400478,0,0,0,1
400479,0,0,0,1
400480,0,0,0,1
400481,0,0,0,1
400482,0,0,0,1
400483,0,0,0,1
400484,0,0,0,1
400485,0,0,0,1
400486,0,0,0,1
400487,0,0,0,1
400488,0,0,0,1
400489,0,0,0,1
400490,0,0,0,1
400491,0,0,0,1
400492,0,0,0,1
400493,0,0,0,1
400494,0,0,0,1
400495,0,0,0,1
400496,0,0,0,1
400497,0,0,0,1
400498,0,0,0,1
400499,0,0,0,1
400500,0,0,0,1
400501,0,0,0,1
400502,0,0,0,1
400503,0,0,0,1
400504,0,0,0,1
400505,0,0,0,1
400506,0,0,0,1
400507,0,0,0,1
400508,0,0,0,1
400509,0,0,0,1
400510,0,0,0,1
400511,0,0,0,1
400513,0,0,0,1
400514,0,0,0,1
400515,0,0,0,1
400516,0,0,0,1
400517,0,0,0,1
400520,0,0,0,1
400521,0,0,0,1
400522,0,0,0,1
400523,0,0,0,1
400524,0,0,0,1
400525,0,0,0,1
400526,0,0,0,1
400527,0,0,0,1
400528,0,0,0,1
400529,0,0,0,1
400530,0,0,0,1
400531,0,0,0,1
400532,0,0,0,1
400533,0,0,0,1
400534,0,0,0,1
400535,0,0,0,1
400537,0,0,0,1
400538,0,0,0,1
400539,0,0,0,1
400540,0,0,0,1
400542,0,0,0,1
400543,0,0,0,1
400544,0,0,0,1
400545,0,0,0,1
400546,0,0,0,1
400547,0,0,0,1
400548,0,0,0,1
400550,0,0,0,1
400551,0,0,0,1
400552,0,0,0,1
400553,0,0,0,1
400554,0,0,0,1
400555,0,0,0,1
400556,0,0,0,1
400557,0,0,0,1
400558,0,0,0,1
400559,0,0,0,1
400560,0,0,0,1
400561,0,0,0,1
400562,0,0,0,1
400563,0,0,0,1
400564,0,0,0,1
400565,0,0,0,1
400566,0,0,0,1
400567,0,0,0,1
400568,0,0,0,1
400569,0,0,0,1
400570,0,0,0,1
400571,0,0,0,1
400572,0,0,0,1
400574,0,0,0,1
400575,0,0,0,1
400576,0,0,0,1
400577,0,0,0,1
400578,0,0,0,1
400579,0,0,0,1
400580,0,0,0,1
400581,0,0,0,1
400582,0,0,0,1
400583,0,0,0,1
400584,0,0,0,1
400585,0,0,0,1
400586,0,0,0,1
400587,0,0,0,1
400588,0,0,0,1
400589,0,0,0,1
400590,0,0,0,1
400591,0,0,0,1
400592,0,0,0,1
400593,0,0,0,1
400594,0,0,0,1
400595,0,0,0,1
400596,0,0,0,1
400597,0,0,0,1
400598,0,0,0,1
400599,0,0,0,1
400600,0,0,0,1
400601,0,0,0,1
400603,0,0,0,1
400604,0,0,0,1
400605,0,0,0,1
400607,0,0,0,1
400608,0,0,0,1
400609,0,0,0,1
400610,0,0,0,1
400611,0,0,0,1
400612,0,0,0,1
400613,0,0,0,1
400614,0,0,0,1
400615,0,0,0,1
400616,0,0,0,1
400617,0,0,0,1
400619,0,0,0,1
400620,0,0,0,1
400621,0,0,0,1
400622,0,0,0,1
400623,0,0,0,1
400624,0,0,0,1
400625,0,0,0,1
400626,0,0,0,1
400627,0,0,0,1
400628,0,0,0,1
400629,0,0,0,1
400630,0,0,0,1
400631,0,0,0,1
400632,0,0,0,1
400633,0,0,0,1
400634,0,0,0,1
400636,0,0,0,1
400637,0,0,0,1
400638,0,0,0,1
400639,0,0,0,1
400640,0,0,0,1
400641,0,0,0,1
500001,0,0,0,1
500002,0,0,0,1
500003,0,0,0,1
500004,0,0,0,1
500005,0,0,0,1
500006,0,0,0,1
500007,0,0,0,1
500008,0,0,0,1
500009,0,0,0,1
500010,0,0,0,1
500011,0,0,0,1
500012,0,0,0,1
500013,0,0,0,1
500014,0,0,0,1
500015,0,0,0,1
500017,0,0,0,1
500018,0,0,0,1
500019,0,0,0,1
500020,0,0,0,1
500021,0,0,0,1
500022,0,0,0,1
500023,0,0,0,1
500024,0,0,0,1
500025,0,0,0,1
500026,0,0,0,1
500027,0,0,0,1
500028,0,0,0,1
500029,0,0,0,1
500032,0,0,0,1
500033,0,0,0,1
500034,0,0,0,1
500035,0,0,0,1
500036,0,0,0,1
500037,0,0,0,1
500038,0,0,0,1
500039,0,0,0,1
500040,0,0,0,1
500041,0,0,0,1
500042,0,0,0,1
500043,0,0,0,1
500044,0,0,0,1
500045,0,0,0,1
500046,0,0,0,1
500047,0,0,0,1
500048,0,0,0,1
500049,0,0,0,1
500050,0,0,0,1
500051,0,0,0,1
500052,0,0,0,1
500053,0,0,0,1
500054,0,0,0,1
500055,0,0,0,1
500056,0,0,0,1
500057,0,0,0,1
500058,0,0,0,1
500059,0,0,0,1
500060,0,0,0,1
500061,0,0,0,1
500062,0,0,0,1
500063,0,0,0,1
500064,0,0,0,1
500065,0,0,0,1
500066,0,0,0,1
500067,0,0,0,1
500068,0,0,0,1
500069,0,0,0,1
500070,0,0,0,1
500071,0,0,0,1
500073,0,0,0,1
500074,0,0,0,1
500075,0,0,0,1
500076,0,0,0,1
500077,0,0,0,1
500078,0,0,0,1
500079,0,0,0,1
500080,0,0,0,1
500081,0,0,0,1
500082,0,0,0,1
500083,0,0,0,1
500084,0,0,0,1
500085,0,0,0,1
500086,0,0,0,1
500087,0,0,0,1
500088,0,0,0,1
500089,0,0,0,1
500090,0,0,0,1
500091,0,0,0,1
500093,0,0,0,1
500094,0,0,0,1
500096,0,0,0,1
500098,0,0,0,1
500100,0,0,0,1
500101,0,0,0,1
500102,0,0,0,1
500103,0,0,0,1
500104,0,0,0,1
500105,0,0,0,1
500106,0,0,0,1
500107,0,0,0,1
500108,0,0,0,1
500109,0,0,0,1
500110,0,0,0,1
500111,0,0,0,1
500112,0,0,0,1
500113,0,0,0,1
500114,0,0,0,1
500115,0,0,0,1
500116,0,0,0,1
500117,0,0,0,1
500119,0,0,0,1
500120,0,0,0,1
500121,0,0,0,1
500122,0,0,0,1
500123,0,0,0,1
500124,0,0,0,1
500125,0,0,0,1
500126,0,0,0,1
500127,0,0,0,1
500128,0,0,0,1
500129,0,0,0,1
500130,0,0,0,1
500131,0,0,0,1
500132,0,0,0,1
500133,0,0,0,1
500134,0,0,0,1
500135,0,0,0,1
500136,0,0,0,1
500138,0,0,0,1
500140,0,0,0,1
500141,0,0,0,1
500142,0,0,0,1
500143,0,0,0,1
500144,0,0,0,1
500145,0,0,0,1
500146,0,0,0,1
500147,0,0,0,1
500148,0,0,0,1
500149,0,0,0,1
500150,0,0,0,1
500151,0,0,0,1
500152,0,0,0,1
500153,0,0,0,1
500154,0,0,0,1
500155,0,0,0,1
500156,0,0,0,1
500157,0,0,0,1
500158,0,0,0,1
500159,0,0,0,1
500160,0,0,0,1
500161,0,0,0,1
500162,0,0,0,1
500163,0,0,0,1
500164,0,0,0,1
500165,0,0,0,1
500166,0,0,0,1
500167,0,0,0,1
500168,0,0,0,1
500169,0,0,0,1
500170,0,0,0,1
500171,0,0,0,1
500172,0,0,0,1
500173,0,0,0,1
500174,0,0,0,1
500175,0,0,0,1
500176,0,0,0,1
500177,0,0,0,1
500178,0,0,0,1
500179,0,0,0,1
500180,0,0,0,1
500181,0,0,0,1
500182,0,0,0,1
500183,0,0,0,1
500184,0,0,0,1
500185,0,0,0,1
500186,0,0,0,1
500187,0,0,0,1
500188,0,0,0,1
500189,0,0,0,1
500190,0,0,0,1
500191,0,0,0,1
500192,0,0,0,1
500193,0,0,0,1
500194,0,0,0,1
500195,0,0,0,1
500196,0,0,0,1
500197,0,0,0,1
500198,0,0,0,1
500199,0,0,0,1
500200,0,0,0,1
500202,0,0,0,1
500203,0,0,0,1
500204,0,0,0,1
500205,0,0,0,1
500206,0,0,0,1
500207,0,0,0,1
500208,0,0,0,1
500209,0,0,0,1
500210,0,0,0,1
500211,0,0,0,1
500212,0,0,0,1
500213,0,0,0,1
500214,0,0,0,1
500215,0,0,0,1
500216,0,0,0,1
500217,0,0,0,1
500218,0,0,0,1
500219,0,0,0,1
500220,0,0,0,1
500222,0,0,0,1
500223,0,0,0,1
500225,0,0,0,1
500226,0,0,0,1
500227,0,0,0,1
500228,0,0,0,1
500229,0,0,0,1
500230,0,0,0,1
500231,0,0,0,1
500232,0,0,0,1
500233,0,0,0,1
500234,0,0,0,1
500235,0,0,0,1
500237,0,0,0,1
500238,0,0,0,1
500239,0,0,0,1
500240,0,0,0,1
500241,0,0,0,1
500243,0,0,0,1
500244,0,0,0,1
500245,0,0,0,1
500246,0,0,0,1
500247,0,0,0,1
500248,0,0,0,1
500249,0,0,0,1
500250,0,0,0,1
500251,0,0,0,1
500252,0,0,0,1
500253,0,0,0,1
500255,0,0,0,1
500256,0,0,0,1
500257,0,0,0,1
500258,0,0,0,1
500259,0,0,0,1
500260,0,0,0,1
500263,0,0,0,1
500264,0,0,0,1
500265,0,0,0,1
500266,0,0,0,1
500267,0,0,0,1
500268,0,0,0,1
500269,0,0,0,1
500270,0,0,0,1
500271,0,0,0,1
500272,0,0,0,1
500273,0,0,0,1
500274,0,0,0,1
500275,0,0,0,1
500276,0,0,0,1
500277,0,0,0,1
500278,0,0,0,1
500279,0,0,0,1
500280,0,0,0,1
500281,0,0,0,1
500282,0,0,0,1
500283,0,0,0,1
500284,0,0,0,1
500285,0,0,0,1
500286,0,0,0,1
500287,0,0,0,1
600001,0,0,0,1
600002,0,0,0,1
600003,0,0,0,1
600004,0,0,0,1
600005,0,0,0,1
600006,0,0,0,1
600007,0,0,0,1
600008,0,0,0,1
600009,0,0,0,1
600010,0,0,0,1
600011,0,0,0,1
600012,0,0,0,1
600013,0,0,0,1
600014,0,0,0,1
600015,0,0,0,1
600017,0,0,0,1
600018,0,0,0,1
600019,0,0,0,1
600020,0,0,0,1
600021,0,0,0,1
600022,0,0,0,1
600023,0,0,0,1
600024,0,0,0,1
600025,0,0,0,1
600026,0,0,0,1
600027,0,0,0,1
600028,0,0,0,1
600029,0,0,0,1
600030,0,0,0,1
600032,0,0,0,1
600033,0,0,0,1
600034,0,0,0,1
600035,0,0,0,1
600036,0,0,0,1
600037,0,0,0,1
600038,0,0,0,1
600039,0,0,0,1
600040,0,0,0,1
600041,0,0,0,1
600042,0,0,0,1
600044,0,0,0,1
600045,0,0,0,1
600046,0,0,0,1
600047,0,0,0,1
600048,0,0,0,1
600049,0,0,0,1
600050,0,0,0,1
600051,0,0,0,1
600052,0,0,0,1
600053,0,0,0,1
600054,0,0,0,1
600055,0,0,0,1
600056,0,0,0,1
600058,0,0,0,1
600059,0,0,0,1
600060,0,0,0,1
600061,0,0,0,1
600062,0,0,0,1
600064,0,0,0,1
600066,0,0,0,1
600067,0,0,0,1
600068,0,0,0,1
600069,0,0,0,1
600070,0,0,0,1
600071,0,0,0,1
600072,0,0,0,1
600073,0,0,0,1
600075,0,0,0,1
600076,0,0,0,1
600077,0,0,0,1
600078,0,0,0,1
600079,0,0,0,1
600080,0,0,0,1
600081,0,0,0,1
600082,0,0,0,1
600083,0,0,0,1
600084,0,0,0,1
600085,0,0,0,1
600086,0,0,0,1
600087,0,0,0,1
600088,0,0,0,1
600089,0,0,0,1
600090,0,0,0,1
600091,0,0,0,1
600092,0,0,0,1
600093,0,0,0,1
600094,0,0,0,1
600095,0,0,0,1
600096,0,0,0,1
600097,0,0,0,1
600098,0,0,0,1
600099,0,0,0,1
600100,0,0,0,1
600101,0,0,0,1
600102,0,0,0,1
600103,0,0,0,1
600105,0,0,0,1
600106,0,0,0,1
600107,0,0,0,1
700001,0,0,0,1
700002,0,0,0,1
700003,0,0,0,1
700005,0,0,0,1
700006,0,0,0,1
700007,0,0,0,1
700008,0,0,0,1
700009,0,0,0,1
700010,0,0,0,1
700011,0,0,0,1
700012,0,0,0,1
700013,0,0,0,1
700014,0,0,0,1
700015,0,0,0,1
700016,0,0,0,1
700017,0,0,0,1
700019,0,0,0,1
700020,0,0,0,1
700021,0,0,0,1
700022,0,0,0,1
700023,0,0,0,1
700024,0,0,0,1
700025,0,0,0,1
700026,0,0,0,1
700027,0,0,0,1
700028,0,0,0,1
700029,0,0,0,1
700030,0,0,0,1
700031,0,0,0,1
700032,0,0,0,1
700033,0,0,0,1
700034,0,0,0,1
700035,0,0,0,1
700037,0,0,0,1
700038,0,0,0,1
700039,0,0,0,1
700040,0,0,0,1
700041,0,0,0,1
700042,0,0,0,1
700043,0,0,0,1
700044,0,0,0,1
700045,0,0,0,1
700046,0,0,0,1
700047,0,0,0,1
700048,0,0,0,1
700049,0,0,0,1
700050,0,0,0,1
700051,0,0,0,1
700052,0,0,0,1
700053,0,0,0,1
700054,0,0,0,1
700055,0,0,0,1
700056,0,0,0,1
700057,0,0,0,1
700058,0,0,0,1
700059,0,0,0,1
700060,0,0,0,1
700061,0,0,0,1
700062,0,0,0,1
700063,0,0,0,1
700064,0,0,0,1
700065,0,0,0,1
700068,0,0,0,1
700069,0,0,0,1
700070,0,0,0,1
700071,0,0,0,1
700072,0,0,0,1
700073,0,0,0,1
700074,0,0,0,1
700075,0,0,0,1
700076,0,0,0,1
700077,0,0,0,1
700078,0,0,0,1
700079,0,0,0,1
700080,0,0,0,1
700081,0,0,0,1
700082,0,0,0,1
700083,0,0,0,1
700084,0,0,0,1
700085,0,0,0,1
700086,0,0,0,1
700087,0,0,0,1
700088,0,0,0,1
700089,0,0,0,1
700090,0,0,0,1
700091,0,0,0,1
700092,0,0,0,1
700093,0,0,0,1
700094,0,0,0,1
700095,0,0,0,1
700097,0,0,0,1
700098,0,0,0,1
700099,0,0,0,1
700100,0,0,0,1
700101,0,0,0,1
700102,0,0,0,1
700103,0,0,0,1
700105,0,0,0,1
700106,0,0,0,1
700107,0,0,0,1
700108,0,0,0,1
700109,0,0,0,1
700110,0,0,0,1
700111,0,0,0,1
700112,0,0,0,1
700113,0,0,0,1
700114,0,0,0,1
700115,0,0,0,1
700116,0,0,0,1
700117,0,0,0,1
700121,0,0,0,1
700122,0,0,0,1
700123,0,0,0,1
700124,0,0,0,1
700125,0,0,0,1
700126,0,0,0,1
700127,0,0,0,1
700128,0,0,0,1
700129,0,0,0,1
700130,0,0,0,1
700131,0,0,0,1
700132,0,0,0,1
700133,0,0,0,1
700134,0,0,0,1
700135,0,0,0,1
700136,0,0,0,1
700137,0,0,0,1
700138,0,0,0,1
700139,0,0,0,1
700140,0,0,0,1
700141,0,0,0,1
700142,0,0,0,1
700143,0,0,0,1
700144,0,0,0,1
700145,0,0,0,1
700146,0,0,0,1
700147,0,0,0,1
700148,0,0,0,1
700149,0,0,0,1
700150,0,0,0,1
700151,0,0,0,1
700155,0,0,0,1
700156,0,0,0,1
700157,0,0,0,1
700158,0,0,0,1
700160,0,0,0,1
700161,0,0,0,1
700162,0,0,0,1
700163,0,0,0,1
700164,0,0,0,1
700165,0,0,0,1
700167,0,0,0,1
700168,0,0,0,1
700169,0,0,0,1
700170,0,0,0,1
700171,0,0,0,1
700172,0,0,0,1
700173,0,0,0,1
700174,0,0,0,1
700175,0,0,0,1
700176,0,0,0,1
700177,0,0,0,1
700178,0,0,0,1
700179,0,0,0,1
700180,0,0,0,1
700181,0,0,0,1
700182,0,0,0,1
700183,0,0,0,1
700184,0,0,0,1
700185,0,0,0,1
700186,0,0,0,1
700187,0,0,0,1
700190,0,0,0,1
700191,0,0,0,1
700192,0,0,0,1
700193,0,0,0,1
700195,0,0,0,1
700196,0,0,0,1
700197,0,0,0,1
700198,0,0,0,1
700199,0,0,0,1
700201,0,0,0,1
700202,0,0,0,1
700203,0,0,0,1
700204,0,0,0,1
700205,0,0,0,1
700206,0,0,0,1
700207,0,0,0,1
700208,0,0,0,1
700209,0,0,0,1
700210,0,0,0,1
700211,0,0,0,1
700212,0,0,0,1
700213,0,0,0,1
700214,0,0,0,1
700216,0,0,0,1
700217,0,0,0,1
700218,0,0,0,1
700219,0,0,0,1
700220,0,0,0,1
700221,0,0,0,1
700222,0,0,0,1
700225,0,0,0,1
700226,0,0,0,1
700227,0,0,0,1
700228,0,0,0,1
700229,0,0,0,1
700230,0,0,0,1
700231,0,0,0,1
700232,0,0,0,1
700233,0,0,0,1
700234,0,0,0,1
700235,0,0,0,1
700236,0,0,0,1
700237,0,0,0,1
700238,0,0,0,1
700239,0,0,0,1
700240,0,0,0,1
700241,0,0,0,1
700242,0,0,0,1
700243,0,0,0,1
700244,0,0,0,1
700245,0,0,0,1
700246,0,0,0,1
700247,0,0,0,1
700248,0,0,0,1
700249,0,0,0,1
700250,0,0,0,1
700251,0,0,0,1
700252,0,0,0,1
700254,0,0,0,1
700255,0,0,0,1
700256,0,0,0,1
700259,0,0,0,1
700260,0,0,0,1
700261,0,0,0,1
700262,0,0,0,1
700263,0,0,0,1
700264,0,0,0,1
700265,0,0,0,1
700266,0,0,0,1
700267,0,0,0,1
700268,0,0,0,1
700269,0,0,0,1
700270,0,0,0,1
700271,0,0,0,1
700272,0,0,0,1
700273,0,0,0,1
700274,0,0,0,1
700276,0,0,0,1
700277,0,0,0,1
700278,0,0,0,1
700279,0,0,0,1
700280,0,0,0,1
700281,0,0,0,1
700282,0,0,0,1
700283,0,0,0,1
700284,0,0,0,1
700285,0,0,0,1
700287,0,0,0,1
700288,0,0,0,1
700289,0,0,0,1
700290,0,0,0,1
700291,0,0,0,1
700292,0,0,0,1
700293,0,0,0,1
700294,0,0,0,1
700295,0,0,0,1
700296,0,0,0,1
700297,0,0,0,1
700298,0,0,0,1
700299,0,0,0,1
700300,0,0,0,1
700301,0,0,0,1
700302,0,0,0,1
700303,0,0,0,1
700304,0,0,0,1
700305,0,0,0,1
700306,0,0,0,1
700307,0,0,0,1
700308,0,0,0,1
700309,0,0,0,1
700310,0,0,0,1
700311,0,0,0,1
700312,0,0,0,1
700313,0,0,0,1
700314,0,0,0,1
700315,0,0,0,1
700316,0,0,0,1
700317,0,0,0,1
700318,0,0,0,1
700319,0,0,0,1
700320,0,0,0,1
700321,0,0,0,1
700322,0,0,0,1
700323,0,0,0,1
700324,0,0,0,1
700325,0,0,0,1
700326,0,0,0,1
700330,0,0,0,1
700331,0,0,0,1
700332,0,0,0,1
700333,0,0,0,1
700334,0,0,0,1
700335,0,0,0,1
700337,0,0,0,1
700338,0,0,0,1
700339,0,0,0,1
700340,0,0,0,1
700341,0,0,0,1
700342,0,0,0,1
700343,0,0,0,1
700345,0,0,0,1
700346,0,0,0,1
700347,0,0,0,1
700348,0,0,0,1
700350,0,0,0,1
700351,0,0,0,1
700352,0,0,0,1
700353,0,0,0,1
700354,0,0,0,1
700355,0,0,0,1
700356,0,0,0,1
700357,0,0,0,1
700358,0,0,0,1
700359,0,0,0,1
700360,0,0,0,1
700361,0,0,0,1
700363,0,0,0,1
700364,0,0,0,1
700366,0,0,0,1
700367,0,0,0,1
700368,0,0,0,1
700369,0,0,0,1
700370,0,0,0,1
700371,0,0,0,1
700372,0,0,0,1
700373,0,0,0,1
700374,0,0,0,1
700375,0,0,0,1
700376,0,0,0,1
700377,0,0,0,1
700379,0,0,0,1
700380,0,0,0,1
700381,0,0,0,1
700382,0,0,0,1
700383,0,0,0,1
700384,0,0,0,1
700385,0,0,0,1
700386,0,0,0,1
700387,0,0,0,1
800001,0,0,0,1
800002,0,0,0,1
800003,0,0,0,1
800004,0,0,0,1
800005,0,0,0,1
800006,0,0,0,1
800007,0,0,0,1
800008,0,0,0,1
800009,0,0,0,1
800010,0,0,0,1
800011,0,0,0,1
800012,0,0,0,1
800013,0,0,0,1
800014,0,0,0,1
800015,0,0,0,1
800016,0,0,0,1
800017,0,0,0,1
800018,0,0,0,1
800019,0,0,0,1
800020,0,0,0,1
800021,0,0,0,1
800022,0,0,0,1
800023,0,0,0,1
800024,0,0,0,1
800025,0,0,0,1
800027,0,0,0,1
800028,0,0,0,1
800029,0,0,0,1
800030,0,0,0,1
800031,0,0,0,1
800032,0,0,0,1
800034,0,0,0,1
800035,0,0,0,1
800036,0,0,0,1
800037,0,0,0,1
800038,0,0,0,1
800039,0,0,0,1
800040,0,0,0,1
800041,0,0,0,1
800042,0,0,0,1
800043,0,0,0,1
800044,0,0,0,1
800045,0,0,0,1
800046,0,0,0,1
800047,0,0,0,1
800048,0,0,0,1
800049,0,0,0,1
800050,0,0,0,1
800051,0,0,0,1
800052,0,0,0,1
800053,0,0,0,1
800054,0,0,0,1
800055,0,0,0,1
800056,0,0,0,1
800057,0,0,0,1
800058,0,0,0,1
800059,0,0,0,1
800060,0,0,0,1
800061,0,0,0,1
800062,0,0,0,1
800063,0,0,0,1
800064,0,0,0,1
800065,0,0,0,1
800066,0,0,0,1
800067,0,0,0,1
800068,0,0,0,1
800069,0,0,0,1
800070,0,0,0,1
800071,0,0,0,1
800072,0,0,0,1
800073,0,0,0,1
800074,0,0,0,1
800075,0,0,0,1
800076,0,0,0,1
800077,0,0,0,1
800078,0,0,0,1
800079,0,0,0,1
800080,0,0,0,1
800081,0,0,0,1
800082,0,0,0,1
800084,0,0,0,1
800085,0,0,0,1
800086,0,0,0,1
800087,0,0,0,1
800088,0,0,0,1
800089,0,0,0,1
800090,0,0,0,1
800091,0,0,0,1
800092,0,0,0,1
800093,0,0,0,1
800094,0,0,0,1
800095,0,0,0,1
800096,0,0,0,1
800097,0,0,0,1
800098,0,0,0,1
800099,0,0,0,1
800100,0,0,0,1
800101,0,0,0,1
800103,0,0,0,1
800104,0,0,0,1
800105,0,0,0,1
800106,0,0,0,1
800107,0,0,0,1
800108,0,0,0,1
800109,0,0,0,1
800110,0,0,0,1
800111,0,0,0,1
800113,0,0,0,1
800114,0,0,0,1
800115,0,0,0,1
800116,0,0,0,1
800117,0,0,0,1
800118,0,0,0,1
800119,0,0,0,1
800120,0,0,0,1
800121,0,0,0,1
800122,0,0,0,1
800123,0,0,0,1
800124,0,0,0,1
800125,0,0,0,1
800126,0,0,0,1
800127,0,0,0,1
800128,0,0,0,1
800129,0,0,0,1
800130,0,0,0,1
800131,0,0,0,1
800132,0,0,0,1
800133,0,0,0,1
800134,0,0,0,1
800135,0,0,0,1
800136,0,0,0,1
800137,0,0,0,1
800138,0,0,0,1
800140,0,0,0,1
800141,0,0,0,1
800142,0,0,0,1
800143,0,0,0,1
800144,0,0,0,1
800145,0,0,0,1
800146,0,0,0,1
800147,0,0,0,1
800148,0,0,0,1
800149,0,0,0,1
800150,0,0,0,1
800151,0,0,0,1
800152,0,0,0,1
800153,0,0,0,1
800154,0,0,0,1
800155,0,0,0,1
800156,0,0,0,1
800158,0,0,0,1
800159,0,0,0,1
800160,0,0,0,1
800161,0,0,0,1
800163,0,0,0,1
800164,0,0,0,1
800165,0,0,0,1
800166,0,0,0,1
800167,0,0,0,1
800168,0,0,0,1
800169,0,0,0,1
800170,0,0,0,1
800171,0,0,0,1
800172,0,0,0,1
800173,0,0,0,1
800174,0,0,0,1
800175,0,0,0,1
800176,0,0,0,1
800177,0,0,0,1
800178,0,0,0,1
800179,0,0,0,1
800180,0,0,0,1
800181,0,0,0,1
800182,0,0,0,1
800183,0,0,0,1
800184,0,0,0,1
800185,0,0,0,1
800186,0,0,0,1
800187,0,0,0,1
800188,0,0,0,1
800189,0,0,0,1
800190,0,0,0,1
800191,0,0,0,1
800192,0,0,0,1
800193,0,0,0,1
800194,0,0,0,1
800195,0,0,0,1
800196,0,0,0,1
800197,0,0,0,1
800198,0,0,0,1
800199,0,0,0,1
800200,0,0,0,1
800201,0,0,0,1
800202,0,0,0,1
800203,0,0,0,1
800204,0,0,0,1
800205,0,0,0,1
800206,0,0,0,1
800207,0,0,0,1
800208,0,0,0,1
800209,0,0,0,1
800210,0,0,0,1
